bbea2903-d403-41e3-803a-99120ac341d9,94a5f1f0-18c7-42d3-b02b-974d58bab490,materialTemplate_to_materialSpec
a6eedc72-0725-4d47-9d1f-125fc14362b5,7239a019-78c9-4340-aaa1-7387933c7c18,materialTemplate_to_materialSpec
5b480cad-599f-466e-acb2-7381d87c5399,47397f33-41e7-4a63-95f9-9283e5b8e458,materialTemplate_to_materialSpec
5b480cad-599f-466e-acb2-7381d87c5399,a1fccd98-7694-496d-aea0-6115d4a6cf50,materialTemplate_to_materialSpec
a6eedc72-0725-4d47-9d1f-125fc14362b5,b60464fe-f0e2-4ec9-9440-2cddb3f92dbd,materialTemplate_to_materialSpec
8dffcf89-bd19-4e98-8f9b-331763af83a4,a0489646-8dd8-4fb2-9227-ac2fe06c96e2,materialTemplate_to_materialSpec
8dffcf89-bd19-4e98-8f9b-331763af83a4,7b97c835-0c40-4cc5-abc1-b536805b5d38,materialTemplate_to_materialSpec
a6eedc72-0725-4d47-9d1f-125fc14362b5,a280a971-97ea-4049-aabc-cc34028d38d5,materialTemplate_to_materialSpec
bbea2903-d403-41e3-803a-99120ac341d9,732b48dd-d75e-447d-a0a3-374eb5fe733f,materialTemplate_to_materialSpec
a6eedc72-0725-4d47-9d1f-125fc14362b5,9dbaf8ca-0411-4b83-93eb-3c3b1fc34761,materialTemplate_to_materialSpec
8dffcf89-bd19-4e98-8f9b-331763af83a4,14642d52-b6a9-410c-a277-fc2b926aee02,materialTemplate_to_materialSpec
8dffcf89-bd19-4e98-8f9b-331763af83a4,769ad023-a2be-4fbf-9c48-74d73cc2bfbf,materialTemplate_to_materialSpec
da1858ab-8d26-448c-b64f-687876cbc0dc,d3600a63-02ff-416f-a167-b4e9270770ab,materialTemplate_to_materialSpec
bbea2903-d403-41e3-803a-99120ac341d9,5a083bcc-b3d8-4793-a934-07915d8e4452,materialTemplate_to_materialSpec
5b480cad-599f-466e-acb2-7381d87c5399,53138410-9594-489f-8f84-be0b8f39d51d,materialTemplate_to_materialSpec
5b480cad-599f-466e-acb2-7381d87c5399,9cafa40b-443a-4be9-9f2d-dffa3cc8ee80,materialTemplate_to_materialSpec
bbea2903-d403-41e3-803a-99120ac341d9,409f13d9-c62d-4a58-8aab-2d17491669bf,materialTemplate_to_materialSpec
a6eedc72-0725-4d47-9d1f-125fc14362b5,0eeeb22b-d0eb-47fa-a42c-8774c0ef3be1,materialTemplate_to_materialSpec
8dffcf89-bd19-4e98-8f9b-331763af83a4,375fc66a-9b79-4f70-911a-dac0b39ed202,materialTemplate_to_materialSpec
8dffcf89-bd19-4e98-8f9b-331763af83a4,4c61d449-f67d-40f1-899a-ea6a859704c3,materialTemplate_to_materialSpec
bbea2903-d403-41e3-803a-99120ac341d9,adf772cd-fa7c-4d52-917a-3faf8151fe83,materialTemplate_to_materialSpec
a6eedc72-0725-4d47-9d1f-125fc14362b5,34a4e394-1915-4683-b2a6-a1a0dba2de4a,materialTemplate_to_materialSpec
8dffcf89-bd19-4e98-8f9b-331763af83a4,792465c3-270f-4644-84ef-a7dfc40f7795,materialTemplate_to_materialSpec
bbea2903-d403-41e3-803a-99120ac341d9,d96873b0-7426-403b-8a0d-3eb5816e7c34,materialTemplate_to_materialSpec
8dffcf89-bd19-4e98-8f9b-331763af83a4,7de47bbf-3329-47c4-adaa-f049f94b8e41,materialTemplate_to_materialSpec
5b480cad-599f-466e-acb2-7381d87c5399,10e3ccfe-8ff0-4139-be1e-ef2b2fc7fd65,materialTemplate_to_materialSpec
ada74071-1e76-4ba6-aaaf-3e7f09c2c806,categorical 16,property_to_category
ada74071-1e76-4ba6-aaaf-3e7f09c2c806,categorical 17,property_to_category
ada74071-1e76-4ba6-aaaf-3e7f09c2c806,categorical 18,property_to_category
ada74071-1e76-4ba6-aaaf-3e7f09c2c806,categorical 19,property_to_category
ada74071-1e76-4ba6-aaaf-3e7f09c2c806,categorical 20,property_to_category
ada74071-1e76-4ba6-aaaf-3e7f09c2c806,categorical 21,property_to_category
ada74071-1e76-4ba6-aaaf-3e7f09c2c806,categorical 22,property_to_category
ada74071-1e76-4ba6-aaaf-3e7f09c2c806,categorical 23,property_to_category
ada74071-1e76-4ba6-aaaf-3e7f09c2c806,categorical 24,property_to_category
ada74071-1e76-4ba6-aaaf-3e7f09c2c806,categorical 25,property_to_category
ada74071-1e76-4ba6-aaaf-3e7f09c2c806,categorical 26,property_to_category
b106d015-b2bd-40f6-ae01-7b945567b2f0,categorical 0,parameter_to_category
b106d015-b2bd-40f6-ae01-7b945567b2f0,categorical 1,parameter_to_category
b106d015-b2bd-40f6-ae01-7b945567b2f0,categorical 2,parameter_to_category
0471f9aa-d24d-4598-ac94-02c6dd1c8d1d,categorical 3,parameter_to_category
0471f9aa-d24d-4598-ac94-02c6dd1c8d1d,categorical 4,parameter_to_category
0471f9aa-d24d-4598-ac94-02c6dd1c8d1d,categorical 5,parameter_to_category
0471f9aa-d24d-4598-ac94-02c6dd1c8d1d,categorical 6,parameter_to_category
0471f9aa-d24d-4598-ac94-02c6dd1c8d1d,categorical 7,parameter_to_category
0471f9aa-d24d-4598-ac94-02c6dd1c8d1d,categorical 8,parameter_to_category
0471f9aa-d24d-4598-ac94-02c6dd1c8d1d,categorical 9,parameter_to_category
0471f9aa-d24d-4598-ac94-02c6dd1c8d1d,categorical 10,parameter_to_category
0471f9aa-d24d-4598-ac94-02c6dd1c8d1d,categorical 11,parameter_to_category
f1208f5d-1f89-4caf-9246-80bf9072a35b,categorical 12,parameter_to_category
f1208f5d-1f89-4caf-9246-80bf9072a35b,categorical 13,parameter_to_category
f1208f5d-1f89-4caf-9246-80bf9072a35b,categorical 14,parameter_to_category
f1208f5d-1f89-4caf-9246-80bf9072a35b,categorical 15,parameter_to_category
431e116c-dbcf-4927-9100-7e175cdf0342,categorical 27,condition_to_category
431e116c-dbcf-4927-9100-7e175cdf0342,categorical 28,condition_to_category
00de68f0-57d8-42fc-b5f4-4a1f21d7dc68,categorical 29,condition_to_category
00de68f0-57d8-42fc-b5f4-4a1f21d7dc68,categorical 30,condition_to_category
00de68f0-57d8-42fc-b5f4-4a1f21d7dc68,categorical 31,condition_to_category
00de68f0-57d8-42fc-b5f4-4a1f21d7dc68,categorical 32,condition_to_category
00de68f0-57d8-42fc-b5f4-4a1f21d7dc68,categorical 33,condition_to_category
94a5f1f0-18c7-42d3-b02b-974d58bab490,ada74071-1e76-4ba6-aaaf-3e7f09c2c806,materialSpec_to_propertyTemplate
7239a019-78c9-4340-aaa1-7387933c7c18,ada74071-1e76-4ba6-aaaf-3e7f09c2c806,materialSpec_to_propertyTemplate
47397f33-41e7-4a63-95f9-9283e5b8e458,ada74071-1e76-4ba6-aaaf-3e7f09c2c806,materialSpec_to_propertyTemplate
47397f33-41e7-4a63-95f9-9283e5b8e458,b7b81365-2d4e-41b5-8979-55f29f9186f0,materialSpec_to_propertyTemplate
a1fccd98-7694-496d-aea0-6115d4a6cf50,ada74071-1e76-4ba6-aaaf-3e7f09c2c806,materialSpec_to_propertyTemplate
a1fccd98-7694-496d-aea0-6115d4a6cf50,b7b81365-2d4e-41b5-8979-55f29f9186f0,materialSpec_to_propertyTemplate
b60464fe-f0e2-4ec9-9440-2cddb3f92dbd,ada74071-1e76-4ba6-aaaf-3e7f09c2c806,materialSpec_to_propertyTemplate
a0489646-8dd8-4fb2-9227-ac2fe06c96e2,ada74071-1e76-4ba6-aaaf-3e7f09c2c806,materialSpec_to_propertyTemplate
7b97c835-0c40-4cc5-abc1-b536805b5d38,ada74071-1e76-4ba6-aaaf-3e7f09c2c806,materialSpec_to_propertyTemplate
a280a971-97ea-4049-aabc-cc34028d38d5,ada74071-1e76-4ba6-aaaf-3e7f09c2c806,materialSpec_to_propertyTemplate
732b48dd-d75e-447d-a0a3-374eb5fe733f,ada74071-1e76-4ba6-aaaf-3e7f09c2c806,materialSpec_to_propertyTemplate
9dbaf8ca-0411-4b83-93eb-3c3b1fc34761,ada74071-1e76-4ba6-aaaf-3e7f09c2c806,materialSpec_to_propertyTemplate
14642d52-b6a9-410c-a277-fc2b926aee02,ada74071-1e76-4ba6-aaaf-3e7f09c2c806,materialSpec_to_propertyTemplate
769ad023-a2be-4fbf-9c48-74d73cc2bfbf,ada74071-1e76-4ba6-aaaf-3e7f09c2c806,materialSpec_to_propertyTemplate
d3600a63-02ff-416f-a167-b4e9270770ab,ada74071-1e76-4ba6-aaaf-3e7f09c2c806,materialSpec_to_propertyTemplate
5a083bcc-b3d8-4793-a934-07915d8e4452,ada74071-1e76-4ba6-aaaf-3e7f09c2c806,materialSpec_to_propertyTemplate
53138410-9594-489f-8f84-be0b8f39d51d,ada74071-1e76-4ba6-aaaf-3e7f09c2c806,materialSpec_to_propertyTemplate
53138410-9594-489f-8f84-be0b8f39d51d,b7b81365-2d4e-41b5-8979-55f29f9186f0,materialSpec_to_propertyTemplate
9cafa40b-443a-4be9-9f2d-dffa3cc8ee80,ada74071-1e76-4ba6-aaaf-3e7f09c2c806,materialSpec_to_propertyTemplate
9cafa40b-443a-4be9-9f2d-dffa3cc8ee80,b7b81365-2d4e-41b5-8979-55f29f9186f0,materialSpec_to_propertyTemplate
409f13d9-c62d-4a58-8aab-2d17491669bf,ada74071-1e76-4ba6-aaaf-3e7f09c2c806,materialSpec_to_propertyTemplate
0eeeb22b-d0eb-47fa-a42c-8774c0ef3be1,ada74071-1e76-4ba6-aaaf-3e7f09c2c806,materialSpec_to_propertyTemplate
375fc66a-9b79-4f70-911a-dac0b39ed202,ada74071-1e76-4ba6-aaaf-3e7f09c2c806,materialSpec_to_propertyTemplate
4c61d449-f67d-40f1-899a-ea6a859704c3,ada74071-1e76-4ba6-aaaf-3e7f09c2c806,materialSpec_to_propertyTemplate
adf772cd-fa7c-4d52-917a-3faf8151fe83,ada74071-1e76-4ba6-aaaf-3e7f09c2c806,materialSpec_to_propertyTemplate
34a4e394-1915-4683-b2a6-a1a0dba2de4a,ada74071-1e76-4ba6-aaaf-3e7f09c2c806,materialSpec_to_propertyTemplate
792465c3-270f-4644-84ef-a7dfc40f7795,ada74071-1e76-4ba6-aaaf-3e7f09c2c806,materialSpec_to_propertyTemplate
d96873b0-7426-403b-8a0d-3eb5816e7c34,ada74071-1e76-4ba6-aaaf-3e7f09c2c806,materialSpec_to_propertyTemplate
7de47bbf-3329-47c4-adaa-f049f94b8e41,ada74071-1e76-4ba6-aaaf-3e7f09c2c806,materialSpec_to_propertyTemplate
10e3ccfe-8ff0-4139-be1e-ef2b2fc7fd65,ada74071-1e76-4ba6-aaaf-3e7f09c2c806,materialSpec_to_propertyTemplate
10e3ccfe-8ff0-4139-be1e-ef2b2fc7fd65,b7b81365-2d4e-41b5-8979-55f29f9186f0,materialSpec_to_propertyTemplate
categorical 21,4b64c5aa-9cdb-4fdc-8b71-065c0c72ab6f,category_to_ingredientSpec
categorical 22,0db4a2d7-ee84-40de-891f-c18f8712e650,category_to_ingredientSpec
categorical 24,c4640916-32a7-46f5-9581-4ef25c5e50e9,category_to_ingredientSpec
categorical 23,85f14511-68df-46ac-a612-23b5fa6ec25d,category_to_ingredientSpec
categorical 23,93caf0ed-04cf-45f7-a434-e36db463d36c,category_to_ingredientSpec
categorical 17,3e90dbf4-7ec9-42b6-b558-31d44a0c90ee,category_to_ingredientSpec
categorical 19,e01f395b-2e4e-4fed-8c60-effbb19dfca9,category_to_ingredientSpec
categorical 23,b055b900-25b6-4510-a294-ea0e6bb374b7,category_to_ingredientSpec
categorical 23,47ba4e29-2ac8-493f-818d-21f9acac74ed,category_to_ingredientSpec
categorical 23,cb813f67-1503-4e2a-a761-5cb0967ba1f2,category_to_ingredientSpec
categorical 21,a9846ca7-3414-4da7-acf7-656a596099ce,category_to_ingredientSpec
categorical 20,9aec6466-52ea-4d32-a45a-f7ff123d1c06,category_to_ingredientSpec
categorical 17,ddbd0dc6-c594-478c-b56a-c735693abfcb,category_to_ingredientSpec
categorical 23,51145cb9-3635-43f0-b441-cb06dcd94bad,category_to_ingredientSpec
categorical 24,08884a4a-8e00-4861-8ca4-f8f001c6a5ea,category_to_ingredientSpec
categorical 21,3242cbb2-fb6d-4246-80f6-8b1fef94b934,category_to_ingredientSpec
categorical 23,8e9d9c87-e8d4-4926-94ea-37a7944278be,category_to_ingredientSpec
categorical 21,5e3a322c-70e4-4024-888b-3a92fce47449,category_to_ingredientSpec
categorical 16,3322faa3-b37a-4149-888b-f429566b3f32,category_to_ingredientSpec
categorical 21,f4f151a5-93b8-4012-8fca-4396006fea9f,category_to_ingredientSpec
categorical 21,17701233-7557-4ca3-bc6c-295b7fe6bbc2,category_to_ingredientSpec
categorical 26,4767698c-c078-40b3-bef1-cd43c67d52a3,category_to_ingredientSpec
categorical 23,f5582503-17b5-4092-89df-f284a0cf5f35,category_to_ingredientSpec
categorical 19,f3ddea55-a248-4bc9-9b15-6791d49b6d90,category_to_ingredientSpec
categorical 21,84ad56b5-6d9d-4644-8366-55592f1cb507,category_to_ingredientSpec
categorical 18,81046d91-0e99-4d9e-8ab0-422d5f772d28,category_to_ingredientSpec
categorical 21,b0348186-4b68-4c09-bbbb-120cea1e8465,category_to_ingredientSpec
4b64c5aa-9cdb-4fdc-8b71-065c0c72ab6f,00de68f0-57d8-42fc-b5f4-4a1f21d7dc68,ingredientSpec_to_conditionTemplate
4b64c5aa-9cdb-4fdc-8b71-065c0c72ab6f,431e116c-dbcf-4927-9100-7e175cdf0342,ingredientSpec_to_conditionTemplate
4b64c5aa-9cdb-4fdc-8b71-065c0c72ab6f,aeb8081b-d8a4-47e5-9fd6-fd5e9bdcb5a1,ingredientSpec_to_parameterTemplate
4b64c5aa-9cdb-4fdc-8b71-065c0c72ab6f,c837c92a-cbd0-4e6f-b976-9ffe1682ffdb,ingredientSpec_to_parameterTemplate
0db4a2d7-ee84-40de-891f-c18f8712e650,00de68f0-57d8-42fc-b5f4-4a1f21d7dc68,ingredientSpec_to_conditionTemplate
0db4a2d7-ee84-40de-891f-c18f8712e650,431e116c-dbcf-4927-9100-7e175cdf0342,ingredientSpec_to_conditionTemplate
0db4a2d7-ee84-40de-891f-c18f8712e650,aeb8081b-d8a4-47e5-9fd6-fd5e9bdcb5a1,ingredientSpec_to_parameterTemplate
0db4a2d7-ee84-40de-891f-c18f8712e650,85546fe9-ce12-41fd-9c4f-b2d4a2b21986,ingredientSpec_to_parameterTemplate
0db4a2d7-ee84-40de-891f-c18f8712e650,c837c92a-cbd0-4e6f-b976-9ffe1682ffdb,ingredientSpec_to_parameterTemplate
c4640916-32a7-46f5-9581-4ef25c5e50e9,431e116c-dbcf-4927-9100-7e175cdf0342,ingredientSpec_to_conditionTemplate
c4640916-32a7-46f5-9581-4ef25c5e50e9,0471f9aa-d24d-4598-ac94-02c6dd1c8d1d,ingredientSpec_to_parameterTemplate
85f14511-68df-46ac-a612-23b5fa6ec25d,431e116c-dbcf-4927-9100-7e175cdf0342,ingredientSpec_to_conditionTemplate
85f14511-68df-46ac-a612-23b5fa6ec25d,0471f9aa-d24d-4598-ac94-02c6dd1c8d1d,ingredientSpec_to_parameterTemplate
93caf0ed-04cf-45f7-a434-e36db463d36c,00de68f0-57d8-42fc-b5f4-4a1f21d7dc68,ingredientSpec_to_conditionTemplate
93caf0ed-04cf-45f7-a434-e36db463d36c,431e116c-dbcf-4927-9100-7e175cdf0342,ingredientSpec_to_conditionTemplate
93caf0ed-04cf-45f7-a434-e36db463d36c,aeb8081b-d8a4-47e5-9fd6-fd5e9bdcb5a1,ingredientSpec_to_parameterTemplate
93caf0ed-04cf-45f7-a434-e36db463d36c,85546fe9-ce12-41fd-9c4f-b2d4a2b21986,ingredientSpec_to_parameterTemplate
93caf0ed-04cf-45f7-a434-e36db463d36c,c837c92a-cbd0-4e6f-b976-9ffe1682ffdb,ingredientSpec_to_parameterTemplate
3e90dbf4-7ec9-42b6-b558-31d44a0c90ee,00de68f0-57d8-42fc-b5f4-4a1f21d7dc68,ingredientSpec_to_conditionTemplate
3e90dbf4-7ec9-42b6-b558-31d44a0c90ee,431e116c-dbcf-4927-9100-7e175cdf0342,ingredientSpec_to_conditionTemplate
3e90dbf4-7ec9-42b6-b558-31d44a0c90ee,aeb8081b-d8a4-47e5-9fd6-fd5e9bdcb5a1,ingredientSpec_to_parameterTemplate
3e90dbf4-7ec9-42b6-b558-31d44a0c90ee,85546fe9-ce12-41fd-9c4f-b2d4a2b21986,ingredientSpec_to_parameterTemplate
3e90dbf4-7ec9-42b6-b558-31d44a0c90ee,c837c92a-cbd0-4e6f-b976-9ffe1682ffdb,ingredientSpec_to_parameterTemplate
e01f395b-2e4e-4fed-8c60-effbb19dfca9,431e116c-dbcf-4927-9100-7e175cdf0342,ingredientSpec_to_conditionTemplate
e01f395b-2e4e-4fed-8c60-effbb19dfca9,0471f9aa-d24d-4598-ac94-02c6dd1c8d1d,ingredientSpec_to_parameterTemplate
b055b900-25b6-4510-a294-ea0e6bb374b7,431e116c-dbcf-4927-9100-7e175cdf0342,ingredientSpec_to_conditionTemplate
b055b900-25b6-4510-a294-ea0e6bb374b7,0471f9aa-d24d-4598-ac94-02c6dd1c8d1d,ingredientSpec_to_parameterTemplate
47ba4e29-2ac8-493f-818d-21f9acac74ed,431e116c-dbcf-4927-9100-7e175cdf0342,ingredientSpec_to_conditionTemplate
47ba4e29-2ac8-493f-818d-21f9acac74ed,0471f9aa-d24d-4598-ac94-02c6dd1c8d1d,ingredientSpec_to_parameterTemplate
cb813f67-1503-4e2a-a761-5cb0967ba1f2,431e116c-dbcf-4927-9100-7e175cdf0342,ingredientSpec_to_conditionTemplate
cb813f67-1503-4e2a-a761-5cb0967ba1f2,0471f9aa-d24d-4598-ac94-02c6dd1c8d1d,ingredientSpec_to_parameterTemplate
a9846ca7-3414-4da7-acf7-656a596099ce,431e116c-dbcf-4927-9100-7e175cdf0342,ingredientSpec_to_conditionTemplate
a9846ca7-3414-4da7-acf7-656a596099ce,00de68f0-57d8-42fc-b5f4-4a1f21d7dc68,ingredientSpec_to_conditionTemplate
a9846ca7-3414-4da7-acf7-656a596099ce,0471f9aa-d24d-4598-ac94-02c6dd1c8d1d,ingredientSpec_to_parameterTemplate
a9846ca7-3414-4da7-acf7-656a596099ce,aeb8081b-d8a4-47e5-9fd6-fd5e9bdcb5a1,ingredientSpec_to_parameterTemplate
9aec6466-52ea-4d32-a45a-f7ff123d1c06,431e116c-dbcf-4927-9100-7e175cdf0342,ingredientSpec_to_conditionTemplate
ddbd0dc6-c594-478c-b56a-c735693abfcb,431e116c-dbcf-4927-9100-7e175cdf0342,ingredientSpec_to_conditionTemplate
ddbd0dc6-c594-478c-b56a-c735693abfcb,0471f9aa-d24d-4598-ac94-02c6dd1c8d1d,ingredientSpec_to_parameterTemplate
51145cb9-3635-43f0-b441-cb06dcd94bad,431e116c-dbcf-4927-9100-7e175cdf0342,ingredientSpec_to_conditionTemplate
51145cb9-3635-43f0-b441-cb06dcd94bad,0471f9aa-d24d-4598-ac94-02c6dd1c8d1d,ingredientSpec_to_parameterTemplate
08884a4a-8e00-4861-8ca4-f8f001c6a5ea,431e116c-dbcf-4927-9100-7e175cdf0342,ingredientSpec_to_conditionTemplate
08884a4a-8e00-4861-8ca4-f8f001c6a5ea,0471f9aa-d24d-4598-ac94-02c6dd1c8d1d,ingredientSpec_to_parameterTemplate
3242cbb2-fb6d-4246-80f6-8b1fef94b934,431e116c-dbcf-4927-9100-7e175cdf0342,ingredientSpec_to_conditionTemplate
3242cbb2-fb6d-4246-80f6-8b1fef94b934,0471f9aa-d24d-4598-ac94-02c6dd1c8d1d,ingredientSpec_to_parameterTemplate
8e9d9c87-e8d4-4926-94ea-37a7944278be,00de68f0-57d8-42fc-b5f4-4a1f21d7dc68,ingredientSpec_to_conditionTemplate
8e9d9c87-e8d4-4926-94ea-37a7944278be,431e116c-dbcf-4927-9100-7e175cdf0342,ingredientSpec_to_conditionTemplate
8e9d9c87-e8d4-4926-94ea-37a7944278be,aeb8081b-d8a4-47e5-9fd6-fd5e9bdcb5a1,ingredientSpec_to_parameterTemplate
8e9d9c87-e8d4-4926-94ea-37a7944278be,85546fe9-ce12-41fd-9c4f-b2d4a2b21986,ingredientSpec_to_parameterTemplate
8e9d9c87-e8d4-4926-94ea-37a7944278be,c837c92a-cbd0-4e6f-b976-9ffe1682ffdb,ingredientSpec_to_parameterTemplate
5e3a322c-70e4-4024-888b-3a92fce47449,431e116c-dbcf-4927-9100-7e175cdf0342,ingredientSpec_to_conditionTemplate
5e3a322c-70e4-4024-888b-3a92fce47449,0471f9aa-d24d-4598-ac94-02c6dd1c8d1d,ingredientSpec_to_parameterTemplate
3322faa3-b37a-4149-888b-f429566b3f32,00de68f0-57d8-42fc-b5f4-4a1f21d7dc68,ingredientSpec_to_conditionTemplate
3322faa3-b37a-4149-888b-f429566b3f32,431e116c-dbcf-4927-9100-7e175cdf0342,ingredientSpec_to_conditionTemplate
3322faa3-b37a-4149-888b-f429566b3f32,aeb8081b-d8a4-47e5-9fd6-fd5e9bdcb5a1,ingredientSpec_to_parameterTemplate
3322faa3-b37a-4149-888b-f429566b3f32,85546fe9-ce12-41fd-9c4f-b2d4a2b21986,ingredientSpec_to_parameterTemplate
3322faa3-b37a-4149-888b-f429566b3f32,c837c92a-cbd0-4e6f-b976-9ffe1682ffdb,ingredientSpec_to_parameterTemplate
f4f151a5-93b8-4012-8fca-4396006fea9f,431e116c-dbcf-4927-9100-7e175cdf0342,ingredientSpec_to_conditionTemplate
f4f151a5-93b8-4012-8fca-4396006fea9f,0471f9aa-d24d-4598-ac94-02c6dd1c8d1d,ingredientSpec_to_parameterTemplate
17701233-7557-4ca3-bc6c-295b7fe6bbc2,431e116c-dbcf-4927-9100-7e175cdf0342,ingredientSpec_to_conditionTemplate
17701233-7557-4ca3-bc6c-295b7fe6bbc2,00de68f0-57d8-42fc-b5f4-4a1f21d7dc68,ingredientSpec_to_conditionTemplate
17701233-7557-4ca3-bc6c-295b7fe6bbc2,0471f9aa-d24d-4598-ac94-02c6dd1c8d1d,ingredientSpec_to_parameterTemplate
17701233-7557-4ca3-bc6c-295b7fe6bbc2,aeb8081b-d8a4-47e5-9fd6-fd5e9bdcb5a1,ingredientSpec_to_parameterTemplate
4767698c-c078-40b3-bef1-cd43c67d52a3,431e116c-dbcf-4927-9100-7e175cdf0342,ingredientSpec_to_conditionTemplate
4767698c-c078-40b3-bef1-cd43c67d52a3,0471f9aa-d24d-4598-ac94-02c6dd1c8d1d,ingredientSpec_to_parameterTemplate
f5582503-17b5-4092-89df-f284a0cf5f35,431e116c-dbcf-4927-9100-7e175cdf0342,ingredientSpec_to_conditionTemplate
f5582503-17b5-4092-89df-f284a0cf5f35,0471f9aa-d24d-4598-ac94-02c6dd1c8d1d,ingredientSpec_to_parameterTemplate
f3ddea55-a248-4bc9-9b15-6791d49b6d90,431e116c-dbcf-4927-9100-7e175cdf0342,ingredientSpec_to_conditionTemplate
f3ddea55-a248-4bc9-9b15-6791d49b6d90,0471f9aa-d24d-4598-ac94-02c6dd1c8d1d,ingredientSpec_to_parameterTemplate
84ad56b5-6d9d-4644-8366-55592f1cb507,431e116c-dbcf-4927-9100-7e175cdf0342,ingredientSpec_to_conditionTemplate
84ad56b5-6d9d-4644-8366-55592f1cb507,0471f9aa-d24d-4598-ac94-02c6dd1c8d1d,ingredientSpec_to_parameterTemplate
81046d91-0e99-4d9e-8ab0-422d5f772d28,431e116c-dbcf-4927-9100-7e175cdf0342,ingredientSpec_to_conditionTemplate
81046d91-0e99-4d9e-8ab0-422d5f772d28,0471f9aa-d24d-4598-ac94-02c6dd1c8d1d,ingredientSpec_to_parameterTemplate
b0348186-4b68-4c09-bbbb-120cea1e8465,00de68f0-57d8-42fc-b5f4-4a1f21d7dc68,ingredientSpec_to_conditionTemplate
b0348186-4b68-4c09-bbbb-120cea1e8465,431e116c-dbcf-4927-9100-7e175cdf0342,ingredientSpec_to_conditionTemplate
b0348186-4b68-4c09-bbbb-120cea1e8465,aeb8081b-d8a4-47e5-9fd6-fd5e9bdcb5a1,ingredientSpec_to_parameterTemplate
b0348186-4b68-4c09-bbbb-120cea1e8465,c837c92a-cbd0-4e6f-b976-9ffe1682ffdb,ingredientSpec_to_parameterTemplate
categorical 28,3ad6f87d-862f-47e3-87dd-4d9e2a52eeb1,category_to_processSpec
categorical 3,3ad6f87d-862f-47e3-87dd-4d9e2a52eeb1,category_to_processSpec
categorical 28,1603c6be-221e-4708-9b61-6bc15b456be8,category_to_processSpec
categorical 3,1603c6be-221e-4708-9b61-6bc15b456be8,category_to_processSpec
categorical 32,0902477f-1adf-49f6-9af7-aef1ff905d38,category_to_processSpec
categorical 27,0902477f-1adf-49f6-9af7-aef1ff905d38,category_to_processSpec
categorical 1,bd5c60f1-51b9-4386-ac8d-a3d68a782864,category_to_processSpec
categorical 13,bd5c60f1-51b9-4386-ac8d-a3d68a782864,category_to_processSpec
categorical 0,4ac91361-5354-4dee-ab20-053a026ccb2e,category_to_processSpec
categorical 14,4ac91361-5354-4dee-ab20-053a026ccb2e,category_to_processSpec
categorical 27,1eecf772-cafd-4bee-926c-d725b74901df,category_to_processSpec
categorical 29,1eecf772-cafd-4bee-926c-d725b74901df,category_to_processSpec
categorical 9,1eecf772-cafd-4bee-926c-d725b74901df,category_to_processSpec
categorical 4,1eecf772-cafd-4bee-926c-d725b74901df,category_to_processSpec
categorical 31,3fdb9ec8-586e-471d-bd53-7c603d58dd5a,category_to_processSpec
categorical 27,3fdb9ec8-586e-471d-bd53-7c603d58dd5a,category_to_processSpec
categorical 2,8872785b-d55d-4132-98f2-3e2ffbf1c36b,category_to_processSpec
categorical 27,003cf75f-d6f2-44fb-ad4e-f6d255b54e92,category_to_processSpec
categorical 29,003cf75f-d6f2-44fb-ad4e-f6d255b54e92,category_to_processSpec
categorical 9,003cf75f-d6f2-44fb-ad4e-f6d255b54e92,category_to_processSpec
categorical 4,003cf75f-d6f2-44fb-ad4e-f6d255b54e92,category_to_processSpec
categorical 28,280044ac-120e-4fd0-bf33-039dc199ae98,category_to_processSpec
categorical 3,280044ac-120e-4fd0-bf33-039dc199ae98,category_to_processSpec
categorical 31,e095c54b-90fd-4e26-9b80-cbf38a2adcc0,category_to_processSpec
categorical 27,e095c54b-90fd-4e26-9b80-cbf38a2adcc0,category_to_processSpec
categorical 28,1b677cc3-b46e-4dab-8fa8-64f9473e9523,category_to_processSpec
categorical 6,1b677cc3-b46e-4dab-8fa8-64f9473e9523,category_to_processSpec
categorical 7,1b677cc3-b46e-4dab-8fa8-64f9473e9523,category_to_processSpec
categorical 32,a8d66ef9-6aeb-4600-b70f-d0230da9475d,category_to_processSpec
categorical 27,a8d66ef9-6aeb-4600-b70f-d0230da9475d,category_to_processSpec
categorical 27,c52ecbbd-f97f-4ff8-8b5a-ad9e17ec7055,category_to_processSpec
categorical 6,c52ecbbd-f97f-4ff8-8b5a-ad9e17ec7055,category_to_processSpec
categorical 11,c52ecbbd-f97f-4ff8-8b5a-ad9e17ec7055,category_to_processSpec
categorical 10,c52ecbbd-f97f-4ff8-8b5a-ad9e17ec7055,category_to_processSpec
categorical 28,e235f9eb-1cbb-4431-be8d-c6498764949a,category_to_processSpec
categorical 5,e235f9eb-1cbb-4431-be8d-c6498764949a,category_to_processSpec
categorical 27,aeb4b7b9-2d67-4a4c-a504-b85f9a673144,category_to_processSpec
categorical 6,aeb4b7b9-2d67-4a4c-a504-b85f9a673144,category_to_processSpec
categorical 11,aeb4b7b9-2d67-4a4c-a504-b85f9a673144,category_to_processSpec
categorical 10,aeb4b7b9-2d67-4a4c-a504-b85f9a673144,category_to_processSpec
categorical 30,08ca83ca-a4f1-4125-afa2-3cab34b8e0f9,category_to_processSpec
categorical 27,08ca83ca-a4f1-4125-afa2-3cab34b8e0f9,category_to_processSpec
categorical 28,0d6a8cee-9095-4323-b611-e089d4eccfc3,category_to_processSpec
categorical 3,0d6a8cee-9095-4323-b611-e089d4eccfc3,category_to_processSpec
categorical 0,2cb2e31b-a28d-44bd-b7b7-6edff038486c,category_to_processSpec
categorical 12,2cb2e31b-a28d-44bd-b7b7-6edff038486c,category_to_processSpec
categorical 28,b5cfe014-740b-44dd-b571-dc4e07b002d7,category_to_processSpec
categorical 6,b5cfe014-740b-44dd-b571-dc4e07b002d7,category_to_processSpec
categorical 7,b5cfe014-740b-44dd-b571-dc4e07b002d7,category_to_processSpec
categorical 28,2c9da579-7263-4832-a000-14110d734b24,category_to_processSpec
categorical 3,2c9da579-7263-4832-a000-14110d734b24,category_to_processSpec
categorical 28,43d9e08e-c4a0-4951-adfc-06c7cc42fb4a,category_to_processSpec
categorical 0,467daa25-4c2c-46c5-a6e0-976a5fc9108b,category_to_processSpec
categorical 15,467daa25-4c2c-46c5-a6e0-976a5fc9108b,category_to_processSpec
categorical 28,b899190d-8e2e-4273-8bee-ec0788ef847c,category_to_processSpec
categorical 3,b899190d-8e2e-4273-8bee-ec0788ef847c,category_to_processSpec
categorical 30,b9237790-4823-4072-8b34-2e0bf1e24455,category_to_processSpec
categorical 27,b9237790-4823-4072-8b34-2e0bf1e24455,category_to_processSpec
categorical 28,065f2f3a-7b2b-4eb5-aa29-3f9cdd5bb631,category_to_processSpec
categorical 5,065f2f3a-7b2b-4eb5-aa29-3f9cdd5bb631,category_to_processSpec
e095c54b-90fd-4e26-9b80-cbf38a2adcc0,94a5f1f0-18c7-42d3-b02b-974d58bab490,processSpec_to_materialSpec
0d6a8cee-9095-4323-b611-e089d4eccfc3,7239a019-78c9-4340-aaa1-7387933c7c18,processSpec_to_materialSpec
bd5c60f1-51b9-4386-ac8d-a3d68a782864,47397f33-41e7-4a63-95f9-9283e5b8e458,processSpec_to_materialSpec
2cb2e31b-a28d-44bd-b7b7-6edff038486c,a1fccd98-7694-496d-aea0-6115d4a6cf50,processSpec_to_materialSpec
280044ac-120e-4fd0-bf33-039dc199ae98,b60464fe-f0e2-4ec9-9440-2cddb3f92dbd,processSpec_to_materialSpec
1b677cc3-b46e-4dab-8fa8-64f9473e9523,a0489646-8dd8-4fb2-9227-ac2fe06c96e2,processSpec_to_materialSpec
1eecf772-cafd-4bee-926c-d725b74901df,7b97c835-0c40-4cc5-abc1-b536805b5d38,processSpec_to_materialSpec
1603c6be-221e-4708-9b61-6bc15b456be8,a280a971-97ea-4049-aabc-cc34028d38d5,processSpec_to_materialSpec
b9237790-4823-4072-8b34-2e0bf1e24455,732b48dd-d75e-447d-a0a3-374eb5fe733f,processSpec_to_materialSpec
2c9da579-7263-4832-a000-14110d734b24,9dbaf8ca-0411-4b83-93eb-3c3b1fc34761,processSpec_to_materialSpec
003cf75f-d6f2-44fb-ad4e-f6d255b54e92,14642d52-b6a9-410c-a277-fc2b926aee02,processSpec_to_materialSpec
b5cfe014-740b-44dd-b571-dc4e07b002d7,769ad023-a2be-4fbf-9c48-74d73cc2bfbf,processSpec_to_materialSpec
43d9e08e-c4a0-4951-adfc-06c7cc42fb4a,d3600a63-02ff-416f-a167-b4e9270770ab,processSpec_to_materialSpec
3fdb9ec8-586e-471d-bd53-7c603d58dd5a,5a083bcc-b3d8-4793-a934-07915d8e4452,processSpec_to_materialSpec
4ac91361-5354-4dee-ab20-053a026ccb2e,53138410-9594-489f-8f84-be0b8f39d51d,processSpec_to_materialSpec
467daa25-4c2c-46c5-a6e0-976a5fc9108b,9cafa40b-443a-4be9-9f2d-dffa3cc8ee80,processSpec_to_materialSpec
08ca83ca-a4f1-4125-afa2-3cab34b8e0f9,409f13d9-c62d-4a58-8aab-2d17491669bf,processSpec_to_materialSpec
b899190d-8e2e-4273-8bee-ec0788ef847c,0eeeb22b-d0eb-47fa-a42c-8774c0ef3be1,processSpec_to_materialSpec
c52ecbbd-f97f-4ff8-8b5a-ad9e17ec7055,375fc66a-9b79-4f70-911a-dac0b39ed202,processSpec_to_materialSpec
065f2f3a-7b2b-4eb5-aa29-3f9cdd5bb631,4c61d449-f67d-40f1-899a-ea6a859704c3,processSpec_to_materialSpec
0902477f-1adf-49f6-9af7-aef1ff905d38,adf772cd-fa7c-4d52-917a-3faf8151fe83,processSpec_to_materialSpec
3ad6f87d-862f-47e3-87dd-4d9e2a52eeb1,34a4e394-1915-4683-b2a6-a1a0dba2de4a,processSpec_to_materialSpec
e235f9eb-1cbb-4431-be8d-c6498764949a,792465c3-270f-4644-84ef-a7dfc40f7795,processSpec_to_materialSpec
a8d66ef9-6aeb-4600-b70f-d0230da9475d,d96873b0-7426-403b-8a0d-3eb5816e7c34,processSpec_to_materialSpec
aeb4b7b9-2d67-4a4c-a504-b85f9a673144,7de47bbf-3329-47c4-adaa-f049f94b8e41,processSpec_to_materialSpec
8872785b-d55d-4132-98f2-3e2ffbf1c36b,10e3ccfe-8ff0-4139-be1e-ef2b2fc7fd65,processSpec_to_materialSpec
d96873b0-7426-403b-8a0d-3eb5816e7c34,e5de2faa-eb8a-4dc5-ae07-88ad536ee41f,materialSpec_to_materialRun
adf772cd-fa7c-4d52-917a-3faf8151fe83,6bfe80f4-53dc-41a5-9c97-8d1b2860092a,materialSpec_to_materialRun
0eeeb22b-d0eb-47fa-a42c-8774c0ef3be1,923cf7ec-ecb2-4ede-939a-e4672a541bb9,materialSpec_to_materialRun
792465c3-270f-4644-84ef-a7dfc40f7795,0af60f52-f1e3-4e4e-96e2-829830aac07a,materialSpec_to_materialRun
53138410-9594-489f-8f84-be0b8f39d51d,abf0b634-1699-46ce-adb6-5c7ef1e5dedc,materialSpec_to_materialRun
769ad023-a2be-4fbf-9c48-74d73cc2bfbf,a4ad9fda-5f6b-4bd1-b5d8-ca66c4061b0c,materialSpec_to_materialRun
d3600a63-02ff-416f-a167-b4e9270770ab,c2f19dfc-599f-4fbb-aea4-bc544057bc15,materialSpec_to_materialRun
732b48dd-d75e-447d-a0a3-374eb5fe733f,3baabacd-a036-4eaa-83d5-6863e4814b9c,materialSpec_to_materialRun
9dbaf8ca-0411-4b83-93eb-3c3b1fc34761,7874d4e5-4915-4984-87f8-fd5ca46e43b0,materialSpec_to_materialRun
9dbaf8ca-0411-4b83-93eb-3c3b1fc34761,5c187bfc-aeec-4f60-a338-3808abe5c4fa,materialSpec_to_materialRun
34a4e394-1915-4683-b2a6-a1a0dba2de4a,9fe40704-b969-40a4-8f82-98832bce5b02,materialSpec_to_materialRun
a280a971-97ea-4049-aabc-cc34028d38d5,717cf09d-44a8-4dc7-a6b9-b31f2bd488b8,materialSpec_to_materialRun
a1fccd98-7694-496d-aea0-6115d4a6cf50,c80827f8-435d-40ae-aefb-f05e64cc978d,materialSpec_to_materialRun
7b97c835-0c40-4cc5-abc1-b536805b5d38,309c53b9-d5c5-4910-aa3f-6ef558c5a938,materialSpec_to_materialRun
b60464fe-f0e2-4ec9-9440-2cddb3f92dbd,edf40f5b-476a-44f3-876e-3739680ee09c,materialSpec_to_materialRun
409f13d9-c62d-4a58-8aab-2d17491669bf,73a97770-1839-435d-9865-67202e11d886,materialSpec_to_materialRun
d96873b0-7426-403b-8a0d-3eb5816e7c34,9e0568f5-6e65-49b3-9d0c-0ffe52e102fa,materialSpec_to_materialRun
47397f33-41e7-4a63-95f9-9283e5b8e458,9cd5e80f-f9e4-4326-95ad-b05c2f5687c9,materialSpec_to_materialRun
d3600a63-02ff-416f-a167-b4e9270770ab,2dc34d88-797c-4125-8dba-a33070ad9360,materialSpec_to_materialRun
732b48dd-d75e-447d-a0a3-374eb5fe733f,26ebce56-1551-4daa-980a-bd1a04991406,materialSpec_to_materialRun
94a5f1f0-18c7-42d3-b02b-974d58bab490,f9d1860e-a29c-48c3-942d-8fbda7a6881c,materialSpec_to_materialRun
b60464fe-f0e2-4ec9-9440-2cddb3f92dbd,b41dab9a-86fa-44e9-aa1e-5466310be6ef,materialSpec_to_materialRun
14642d52-b6a9-410c-a277-fc2b926aee02,6f4ad594-21ad-4f21-8fd8-61bd1ae91e7d,materialSpec_to_materialRun
375fc66a-9b79-4f70-911a-dac0b39ed202,c8126f55-43e3-454b-81b6-ab766077aacd,materialSpec_to_materialRun
d3600a63-02ff-416f-a167-b4e9270770ab,e0c1a5a7-f2b9-4128-b5ee-2bffbbfea41f,materialSpec_to_materialRun
7b97c835-0c40-4cc5-abc1-b536805b5d38,2c29c60a-bbc7-46e3-8e8d-250f684ddc6c,materialSpec_to_materialRun
10e3ccfe-8ff0-4139-be1e-ef2b2fc7fd65,2f5e4f59-a48e-42a5-b650-dce774e6927e,materialSpec_to_materialRun
7de47bbf-3329-47c4-adaa-f049f94b8e41,347bfc18-9d00-4bc7-9fe6-9f49d419899e,materialSpec_to_materialRun
a0489646-8dd8-4fb2-9227-ac2fe06c96e2,a3292110-3078-4000-83f1-1cbb8544f0e1,materialSpec_to_materialRun
792465c3-270f-4644-84ef-a7dfc40f7795,8531b711-3de1-4750-8236-070237ad2bcb,materialSpec_to_materialRun
47397f33-41e7-4a63-95f9-9283e5b8e458,305b51b7-ce3c-483c-93af-f521e09bc460,materialSpec_to_materialRun
409f13d9-c62d-4a58-8aab-2d17491669bf,cd26a0f1-c742-4ab6-9610-42d3363c573d,materialSpec_to_materialRun
34a4e394-1915-4683-b2a6-a1a0dba2de4a,65a6fb88-9323-4cff-a98d-69fb615fd699,materialSpec_to_materialRun
7239a019-78c9-4340-aaa1-7387933c7c18,eb249688-45ec-46f7-a811-c69dee3f28d4,materialSpec_to_materialRun
5a083bcc-b3d8-4793-a934-07915d8e4452,1954aac4-9bc5-4d7f-84c0-0ca85d631b27,materialSpec_to_materialRun
adf772cd-fa7c-4d52-917a-3faf8151fe83,481fab23-5b5f-444c-abbc-4365b8852527,materialSpec_to_materialRun
b60464fe-f0e2-4ec9-9440-2cddb3f92dbd,49490429-71fd-4cbc-9d05-43cd438af633,materialSpec_to_materialRun
5a083bcc-b3d8-4793-a934-07915d8e4452,10ea2881-0d61-4f25-b544-3c02bf338dc6,materialSpec_to_materialRun
732b48dd-d75e-447d-a0a3-374eb5fe733f,2ca72352-ed82-4405-8e89-e725adeec114,materialSpec_to_materialRun
a280a971-97ea-4049-aabc-cc34028d38d5,9fda6dc7-877f-4ea4-8088-dbfd3669d95d,materialSpec_to_materialRun
9cafa40b-443a-4be9-9f2d-dffa3cc8ee80,397783e2-8412-4140-acc6-14031a294e7c,materialSpec_to_materialRun
b60464fe-f0e2-4ec9-9440-2cddb3f92dbd,7d45d50a-1ca0-4542-951a-d1863f27a9ff,materialSpec_to_materialRun
34a4e394-1915-4683-b2a6-a1a0dba2de4a,71ac5277-60ae-4f90-a3c6-1447f33558d9,materialSpec_to_materialRun
10e3ccfe-8ff0-4139-be1e-ef2b2fc7fd65,3fbda1d3-ef94-407d-9a3d-f7ee05764e83,materialSpec_to_materialRun
5a083bcc-b3d8-4793-a934-07915d8e4452,020b6fcb-72b9-4e89-b3c8-9abad4eafc61,materialSpec_to_materialRun
34a4e394-1915-4683-b2a6-a1a0dba2de4a,ab33e68b-475f-4dc2-b96b-5fc3d373cdd7,materialSpec_to_materialRun
7239a019-78c9-4340-aaa1-7387933c7c18,68561207-c7ce-4c99-90bd-ddd005f53963,materialSpec_to_materialRun
375fc66a-9b79-4f70-911a-dac0b39ed202,b4cd658e-1314-4e17-bd8d-085b50a1fc3a,materialSpec_to_materialRun
a280a971-97ea-4049-aabc-cc34028d38d5,708391c0-f12a-438d-b4c9-cb505fce7e79,materialSpec_to_materialRun
7de47bbf-3329-47c4-adaa-f049f94b8e41,58fc2d8d-60d2-43e7-aa80-9142f64693eb,materialSpec_to_materialRun
409f13d9-c62d-4a58-8aab-2d17491669bf,55d99f75-0080-4242-93bb-5a10bc6d6bba,materialSpec_to_materialRun
a0489646-8dd8-4fb2-9227-ac2fe06c96e2,aa684896-12b2-4788-8a72-2d978690c5f4,materialSpec_to_materialRun
769ad023-a2be-4fbf-9c48-74d73cc2bfbf,6de68019-0eb8-4f80-8ce7-d9ff8630bfff,materialSpec_to_materialRun
a1fccd98-7694-496d-aea0-6115d4a6cf50,3f5509ca-3099-4cfb-b197-5de8f63a7202,materialSpec_to_materialRun
409f13d9-c62d-4a58-8aab-2d17491669bf,0a7e12a5-094c-4d93-a94c-0a8696a7e24e,materialSpec_to_materialRun
0eeeb22b-d0eb-47fa-a42c-8774c0ef3be1,c7e9431a-6600-40d8-9ac6-db38a7faf106,materialSpec_to_materialRun
4c61d449-f67d-40f1-899a-ea6a859704c3,1c3ef916-0c5d-43e8-84fb-63f15abbd0ab,materialSpec_to_materialRun
732b48dd-d75e-447d-a0a3-374eb5fe733f,77d347a0-9071-4f1f-a404-a98a7f18d858,materialSpec_to_materialRun
d3600a63-02ff-416f-a167-b4e9270770ab,9d666fb5-40de-4832-9a12-6442d2ae8996,materialSpec_to_materialRun
9cafa40b-443a-4be9-9f2d-dffa3cc8ee80,81291da6-7583-40cb-9888-5695b62bc2ac,materialSpec_to_materialRun
94a5f1f0-18c7-42d3-b02b-974d58bab490,e95f2416-1249-4596-a9e9-e426dd880a06,materialSpec_to_materialRun
14642d52-b6a9-410c-a277-fc2b926aee02,ce8d6453-d0d0-48ab-b3bd-65d7a058278e,materialSpec_to_materialRun
53138410-9594-489f-8f84-be0b8f39d51d,1f7313f0-2010-4f1a-ac39-de03af8e2c24,materialSpec_to_materialRun
a280a971-97ea-4049-aabc-cc34028d38d5,f5078c65-8b0d-421e-8363-82eb7692a06c,materialSpec_to_materialRun
5a083bcc-b3d8-4793-a934-07915d8e4452,76706eef-9f5f-4fdf-a463-1c530872d54b,materialSpec_to_materialRun
4c61d449-f67d-40f1-899a-ea6a859704c3,fb0f584f-9825-4ad4-b818-d79d8c65511c,materialSpec_to_materialRun
28d6f20f-c8ae-443e-90c5-795ea29aac85,3ad6f87d-862f-47e3-87dd-4d9e2a52eeb1,processTemplate_to_processSpec
28d6f20f-c8ae-443e-90c5-795ea29aac85,1603c6be-221e-4708-9b61-6bc15b456be8,processTemplate_to_processSpec
6637282e-c51a-466c-8502-cef0c5a56825,0902477f-1adf-49f6-9af7-aef1ff905d38,processTemplate_to_processSpec
30c48a8b-9fc0-4655-a11a-b1f7dabfdcf4,bd5c60f1-51b9-4386-ac8d-a3d68a782864,processTemplate_to_processSpec
30c48a8b-9fc0-4655-a11a-b1f7dabfdcf4,4ac91361-5354-4dee-ab20-053a026ccb2e,processTemplate_to_processSpec
ffb8cc1f-1ba2-42b9-88ad-2e7682cc958f,1eecf772-cafd-4bee-926c-d725b74901df,processTemplate_to_processSpec
6637282e-c51a-466c-8502-cef0c5a56825,3fdb9ec8-586e-471d-bd53-7c603d58dd5a,processTemplate_to_processSpec
30c48a8b-9fc0-4655-a11a-b1f7dabfdcf4,8872785b-d55d-4132-98f2-3e2ffbf1c36b,processTemplate_to_processSpec
ffb8cc1f-1ba2-42b9-88ad-2e7682cc958f,003cf75f-d6f2-44fb-ad4e-f6d255b54e92,processTemplate_to_processSpec
28d6f20f-c8ae-443e-90c5-795ea29aac85,280044ac-120e-4fd0-bf33-039dc199ae98,processTemplate_to_processSpec
6637282e-c51a-466c-8502-cef0c5a56825,e095c54b-90fd-4e26-9b80-cbf38a2adcc0,processTemplate_to_processSpec
da630073-4e03-474c-9dfb-4155fe5344d3,1b677cc3-b46e-4dab-8fa8-64f9473e9523,processTemplate_to_processSpec
6637282e-c51a-466c-8502-cef0c5a56825,a8d66ef9-6aeb-4600-b70f-d0230da9475d,processTemplate_to_processSpec
0831649c-d4de-4729-b40d-e95fd9bbca51,c52ecbbd-f97f-4ff8-8b5a-ad9e17ec7055,processTemplate_to_processSpec
a2a4b868-588c-4a24-8f67-0ba5476e8ea4,e235f9eb-1cbb-4431-be8d-c6498764949a,processTemplate_to_processSpec
0831649c-d4de-4729-b40d-e95fd9bbca51,aeb4b7b9-2d67-4a4c-a504-b85f9a673144,processTemplate_to_processSpec
6637282e-c51a-466c-8502-cef0c5a56825,08ca83ca-a4f1-4125-afa2-3cab34b8e0f9,processTemplate_to_processSpec
28d6f20f-c8ae-443e-90c5-795ea29aac85,0d6a8cee-9095-4323-b611-e089d4eccfc3,processTemplate_to_processSpec
30c48a8b-9fc0-4655-a11a-b1f7dabfdcf4,2cb2e31b-a28d-44bd-b7b7-6edff038486c,processTemplate_to_processSpec
da630073-4e03-474c-9dfb-4155fe5344d3,b5cfe014-740b-44dd-b571-dc4e07b002d7,processTemplate_to_processSpec
28d6f20f-c8ae-443e-90c5-795ea29aac85,2c9da579-7263-4832-a000-14110d734b24,processTemplate_to_processSpec
5056e434-37c0-408e-97d3-9c658a851f32,43d9e08e-c4a0-4951-adfc-06c7cc42fb4a,processTemplate_to_processSpec
30c48a8b-9fc0-4655-a11a-b1f7dabfdcf4,467daa25-4c2c-46c5-a6e0-976a5fc9108b,processTemplate_to_processSpec
28d6f20f-c8ae-443e-90c5-795ea29aac85,b899190d-8e2e-4273-8bee-ec0788ef847c,processTemplate_to_processSpec
6637282e-c51a-466c-8502-cef0c5a56825,b9237790-4823-4072-8b34-2e0bf1e24455,processTemplate_to_processSpec
a2a4b868-588c-4a24-8f67-0ba5476e8ea4,065f2f3a-7b2b-4eb5-aa29-3f9cdd5bb631,processTemplate_to_processSpec
280044ac-120e-4fd0-bf33-039dc199ae98,82965b6f-43e2-481a-99f2-48d82cd042cd,processSpec_to_processRun
b5cfe014-740b-44dd-b571-dc4e07b002d7,bada7bac-99de-44a6-937a-73f070dee11f,processSpec_to_processRun
0d6a8cee-9095-4323-b611-e089d4eccfc3,38f27829-64d2-4ccc-ab4c-99bd8c057a71,processSpec_to_processRun
08ca83ca-a4f1-4125-afa2-3cab34b8e0f9,9ff862df-0ce6-4a39-b4c1-118b4f5cd7f0,processSpec_to_processRun
43d9e08e-c4a0-4951-adfc-06c7cc42fb4a,ff08afcb-6801-4935-aa9d-2a7348c71c42,processSpec_to_processRun
08ca83ca-a4f1-4125-afa2-3cab34b8e0f9,c871de89-98c2-4ed9-a9ac-43b2cb5e7a30,processSpec_to_processRun
3fdb9ec8-586e-471d-bd53-7c603d58dd5a,45a426e9-c8eb-415e-b7fb-ea98478614ee,processSpec_to_processRun
1603c6be-221e-4708-9b61-6bc15b456be8,783cb8d5-e246-43e7-b79f-a34523adead5,processSpec_to_processRun
b9237790-4823-4072-8b34-2e0bf1e24455,d1f703bb-13cb-4eae-8575-f7bbe784d88f,processSpec_to_processRun
b899190d-8e2e-4273-8bee-ec0788ef847c,7c397e07-b34c-41bb-acf4-fb877f5f099c,processSpec_to_processRun
43d9e08e-c4a0-4951-adfc-06c7cc42fb4a,684445b0-d039-4181-b7fc-642d6a97b5fa,processSpec_to_processRun
1eecf772-cafd-4bee-926c-d725b74901df,589762a7-3dd7-44b5-b92e-4c66ab28e289,processSpec_to_processRun
e095c54b-90fd-4e26-9b80-cbf38a2adcc0,0a18dd82-4baf-408f-b3cc-7ef4ce6c8bda,processSpec_to_processRun
3ad6f87d-862f-47e3-87dd-4d9e2a52eeb1,65065b14-b240-4a37-9df1-ab7a19d5187f,processSpec_to_processRun
8872785b-d55d-4132-98f2-3e2ffbf1c36b,26f7bd57-7054-41b3-843b-d4c4b8e96548,processSpec_to_processRun
1b677cc3-b46e-4dab-8fa8-64f9473e9523,5525bc03-7ed8-4551-b07a-c4fa1f0c5db8,processSpec_to_processRun
1603c6be-221e-4708-9b61-6bc15b456be8,708c5f76-20d3-4511-b57a-ad4afb41e6ac,processSpec_to_processRun
280044ac-120e-4fd0-bf33-039dc199ae98,af010cb2-1135-46f5-8848-7a2b787ed9d6,processSpec_to_processRun
4ac91361-5354-4dee-ab20-053a026ccb2e,2836469e-c644-4ff5-9875-a312bf11f860,processSpec_to_processRun
1b677cc3-b46e-4dab-8fa8-64f9473e9523,be514bf8-c80f-45ad-9b99-e2c1d5955b23,processSpec_to_processRun
3fdb9ec8-586e-471d-bd53-7c603d58dd5a,70894e5d-127c-4ea7-bdd6-c9bb80cff9df,processSpec_to_processRun
3ad6f87d-862f-47e3-87dd-4d9e2a52eeb1,76a861e9-3825-4b84-99ac-3be7058b1ac3,processSpec_to_processRun
aeb4b7b9-2d67-4a4c-a504-b85f9a673144,8a51e5e1-a9f8-4e10-9c62-669df18089c2,processSpec_to_processRun
3fdb9ec8-586e-471d-bd53-7c603d58dd5a,1bc76ff9-bd22-433c-ba61-96b29e7e2892,processSpec_to_processRun
1603c6be-221e-4708-9b61-6bc15b456be8,028fd1d3-ddad-4fab-b8e6-3795e2b7f353,processSpec_to_processRun
065f2f3a-7b2b-4eb5-aa29-3f9cdd5bb631,46ca2fd3-c1ec-450f-9162-5a2eb795a085,processSpec_to_processRun
3fdb9ec8-586e-471d-bd53-7c603d58dd5a,94f6149f-b6bc-49d6-98e4-bd6ba7513d7d,processSpec_to_processRun
b5cfe014-740b-44dd-b571-dc4e07b002d7,58bbce6d-2805-4a4f-8395-16b7397855b3,processSpec_to_processRun
2c9da579-7263-4832-a000-14110d734b24,b50f5f85-64ea-41c5-afd1-4a01b2d6a3f7,processSpec_to_processRun
a8d66ef9-6aeb-4600-b70f-d0230da9475d,076ab772-ec4f-4f74-be15-19863dcc915f,processSpec_to_processRun
b9237790-4823-4072-8b34-2e0bf1e24455,f32551e7-bb9a-4d10-bc05-9df89e6bd2d0,processSpec_to_processRun
b9237790-4823-4072-8b34-2e0bf1e24455,995a8c49-888b-465a-8db5-9574b6fbc65c,processSpec_to_processRun
003cf75f-d6f2-44fb-ad4e-f6d255b54e92,b2736f8b-a21f-4e94-beab-b021d67a24eb,processSpec_to_processRun
aeb4b7b9-2d67-4a4c-a504-b85f9a673144,1a73fa8f-55b9-4b08-8867-bd0d0d84153c,processSpec_to_processRun
4ac91361-5354-4dee-ab20-053a026ccb2e,7a793728-5eeb-43c5-8477-04e3a6fbe9b2,processSpec_to_processRun
c52ecbbd-f97f-4ff8-8b5a-ad9e17ec7055,1dfc9902-0e70-424c-9cd9-93ac9b9c3fb9,processSpec_to_processRun
a8d66ef9-6aeb-4600-b70f-d0230da9475d,3ec752f1-d62d-43cb-b1d5-303bc3dd89cd,processSpec_to_processRun
b899190d-8e2e-4273-8bee-ec0788ef847c,0a150347-8a7e-4624-a121-37e813301291,processSpec_to_processRun
e095c54b-90fd-4e26-9b80-cbf38a2adcc0,d6db3ca3-c4ec-4fe0-811a-9726a075f6ab,processSpec_to_processRun
43d9e08e-c4a0-4951-adfc-06c7cc42fb4a,d959855e-9984-4c20-8b87-f6ee7cfba6c0,processSpec_to_processRun
065f2f3a-7b2b-4eb5-aa29-3f9cdd5bb631,c65c975c-3dac-4bdd-a5b1-d848bab0e3f0,processSpec_to_processRun
280044ac-120e-4fd0-bf33-039dc199ae98,55985e41-4afa-471d-84fe-054954c13c62,processSpec_to_processRun
e235f9eb-1cbb-4431-be8d-c6498764949a,c102fe2d-446a-41d3-9fce-c691269fd381,processSpec_to_processRun
3ad6f87d-862f-47e3-87dd-4d9e2a52eeb1,d917f2b6-f3bb-4257-94b5-0ad19e92eb3c,processSpec_to_processRun
43d9e08e-c4a0-4951-adfc-06c7cc42fb4a,f00b7da6-9e64-4c73-a609-bb357be3e26e,processSpec_to_processRun
e235f9eb-1cbb-4431-be8d-c6498764949a,38c65095-19ac-4ea5-8105-760a95e2d84b,processSpec_to_processRun
bd5c60f1-51b9-4386-ac8d-a3d68a782864,07175059-b325-4237-ada4-939d50813e9c,processSpec_to_processRun
3ad6f87d-862f-47e3-87dd-4d9e2a52eeb1,0afb2915-d60c-4087-a7d6-5d023f4379b7,processSpec_to_processRun
0d6a8cee-9095-4323-b611-e089d4eccfc3,bc4021eb-3039-4420-8546-1ddd9d2963e6,processSpec_to_processRun
280044ac-120e-4fd0-bf33-039dc199ae98,797816cf-bba9-49e9-ba32-0c4ffaa6fe72,processSpec_to_processRun
1eecf772-cafd-4bee-926c-d725b74901df,34fbdd88-4c2e-4df2-9edf-3cc34d2ccb32,processSpec_to_processRun
08ca83ca-a4f1-4125-afa2-3cab34b8e0f9,b37c555c-34f2-4340-b693-620aa723e299,processSpec_to_processRun
08ca83ca-a4f1-4125-afa2-3cab34b8e0f9,bb106a9a-91af-42d4-9650-24df82cbde9b,processSpec_to_processRun
0902477f-1adf-49f6-9af7-aef1ff905d38,ba4f8d69-d1b8-49a6-93b6-5f665fd80eeb,processSpec_to_processRun
b9237790-4823-4072-8b34-2e0bf1e24455,fd5c0fe0-7aae-49a9-9e3f-14e6b08c30dc,processSpec_to_processRun
003cf75f-d6f2-44fb-ad4e-f6d255b54e92,890e03d8-532c-40d6-bf78-f540fa9adbac,processSpec_to_processRun
0902477f-1adf-49f6-9af7-aef1ff905d38,4dbd86fa-bd51-4f15-9502-6e2356bf371e,processSpec_to_processRun
467daa25-4c2c-46c5-a6e0-976a5fc9108b,03e78884-82c4-41f2-ae2b-245913b89be6,processSpec_to_processRun
2c9da579-7263-4832-a000-14110d734b24,e5f6a318-d616-4b44-b7b6-9547b73d2b25,processSpec_to_processRun
1603c6be-221e-4708-9b61-6bc15b456be8,7d514218-e17f-42b5-bdca-6c8815ee0cdb,processSpec_to_processRun
2cb2e31b-a28d-44bd-b7b7-6edff038486c,c42f7ad6-21f4-41d4-ba49-fa6c8f7c6e85,processSpec_to_processRun
c52ecbbd-f97f-4ff8-8b5a-ad9e17ec7055,44e5f093-a246-4ce9-b49d-1b02245222ac,processSpec_to_processRun
6bfe80f4-53dc-41a5-9c97-8d1b2860092a,b9b40025-6892-403f-a65c-ed043ed5673d,materialRun_to_ingredientRun
1f7313f0-2010-4f1a-ac39-de03af8e2c24,4433d824-107a-4d8b-aeb7-6e6ff37f8fbd,materialRun_to_ingredientRun
5c187bfc-aeec-4f60-a338-3808abe5c4fa,36f5b632-eb78-4550-88e1-c569c18b4e9f,materialRun_to_ingredientRun
717cf09d-44a8-4dc7-a6b9-b31f2bd488b8,837e7922-f865-430b-b0d0-90773ccf7f56,materialRun_to_ingredientRun
68561207-c7ce-4c99-90bd-ddd005f53963,16cc58e0-ab8a-4af1-86cc-14f52b0b5639,materialRun_to_ingredientRun
1954aac4-9bc5-4d7f-84c0-0ca85d631b27,1a816960-7a97-454f-976e-83c0487638bc,materialRun_to_ingredientRun
0af60f52-f1e3-4e4e-96e2-829830aac07a,13de8a09-aa3b-413a-b622-32443578699e,materialRun_to_ingredientRun
c2f19dfc-599f-4fbb-aea4-bc544057bc15,0a599d70-69d2-43fa-b2a3-7bb9fa3fdaf4,materialRun_to_ingredientRun
0a7e12a5-094c-4d93-a94c-0a8696a7e24e,d52ef262-712a-4ec0-b092-cbb867752b76,materialRun_to_ingredientRun
77d347a0-9071-4f1f-a404-a98a7f18d858,4ea162ca-8d39-44bf-8c76-439bb164e0f8,materialRun_to_ingredientRun
fb0f584f-9825-4ad4-b818-d79d8c65511c,d570d7d1-401a-4d5d-906c-ab7f03f3e228,materialRun_to_ingredientRun
58fc2d8d-60d2-43e7-aa80-9142f64693eb,c5071972-d4f5-4ca6-9c1c-c82abedcbc9e,materialRun_to_ingredientRun
eb249688-45ec-46f7-a811-c69dee3f28d4,8114dcdf-831b-4335-bfa0-1a6faf2b27d3,materialRun_to_ingredientRun
2ca72352-ed82-4405-8e89-e725adeec114,6a94a77a-f43b-42db-b1b4-53e8aacddc77,materialRun_to_ingredientRun
b41dab9a-86fa-44e9-aa1e-5466310be6ef,51b836b8-fdbd-4a17-99fb-07773a1b134d,materialRun_to_ingredientRun
c8126f55-43e3-454b-81b6-ab766077aacd,012fb7f1-54f0-4495-8492-4d521deaa8a5,materialRun_to_ingredientRun
8531b711-3de1-4750-8236-070237ad2bcb,c273174e-3e57-40d5-94f4-318bfd88f3dd,materialRun_to_ingredientRun
9e0568f5-6e65-49b3-9d0c-0ffe52e102fa,d4492d34-ff10-403e-a68e-b3bca686a6d6,materialRun_to_ingredientRun
3fbda1d3-ef94-407d-9a3d-f7ee05764e83,06cd0318-d081-40d6-b1f5-e0efdcdf26f8,materialRun_to_ingredientRun
a3292110-3078-4000-83f1-1cbb8544f0e1,858de70f-3708-47bb-bcb3-7d7be2fc4ef3,materialRun_to_ingredientRun
3f5509ca-3099-4cfb-b197-5de8f63a7202,b825a604-30f5-433b-8cbc-a585ec3e71fe,materialRun_to_ingredientRun
9cd5e80f-f9e4-4326-95ad-b05c2f5687c9,ce35b2eb-daab-4c8e-9f69-a8cb5b363bec,materialRun_to_ingredientRun
edf40f5b-476a-44f3-876e-3739680ee09c,4c1ad96c-b596-4097-a7e9-5c6f64ce235c,materialRun_to_ingredientRun
9fda6dc7-877f-4ea4-8088-dbfd3669d95d,55eb1865-1117-426d-b92a-ff49225cab68,materialRun_to_ingredientRun
abf0b634-1699-46ce-adb6-5c7ef1e5dedc,9a66f0b5-0073-44d2-9a23-b1e982a2e8a7,materialRun_to_ingredientRun
b4cd658e-1314-4e17-bd8d-085b50a1fc3a,c100943b-4655-4ca0-ad0c-99d1e338ef4f,materialRun_to_ingredientRun
9cd5e80f-f9e4-4326-95ad-b05c2f5687c9,d1716b03-2edf-4dd8-8054-993a750703be,materialRun_to_ingredientRun
7874d4e5-4915-4984-87f8-fd5ca46e43b0,ac6dd7e1-70ae-425b-8dbb-52bd7c43ab51,materialRun_to_ingredientRun
397783e2-8412-4140-acc6-14031a294e7c,59130eef-0b9d-49be-af8c-30902d1974ed,materialRun_to_ingredientRun
81291da6-7583-40cb-9888-5695b62bc2ac,177efb85-6379-43ae-a385-ea97687b6d74,materialRun_to_ingredientRun
2dc34d88-797c-4125-8dba-a33070ad9360,962953ba-efe3-4b38-a626-77b2ee8f75df,materialRun_to_ingredientRun
1c3ef916-0c5d-43e8-84fb-63f15abbd0ab,62bf2e1c-c0d1-433a-a6f4-2ee8bf01300b,materialRun_to_ingredientRun
65a6fb88-9323-4cff-a98d-69fb615fd699,65a26654-4f07-43d2-b313-c41060e5ef85,materialRun_to_ingredientRun
26ebce56-1551-4daa-980a-bd1a04991406,90ab5ba3-be56-4640-bc23-4b3dd99801bf,materialRun_to_ingredientRun
71ac5277-60ae-4f90-a3c6-1447f33558d9,ea897f16-2d21-4f07-bd41-b9bd5b245197,materialRun_to_ingredientRun
73a97770-1839-435d-9865-67202e11d886,fe92c9dd-972a-44f9-ad11-270526c2e441,materialRun_to_ingredientRun
2f5e4f59-a48e-42a5-b650-dce774e6927e,fd8d2dfe-0af5-4222-9d13-60f9c459b6e2,materialRun_to_ingredientRun
55d99f75-0080-4242-93bb-5a10bc6d6bba,e0f36f34-a674-4b16-8271-f0be543aa26e,materialRun_to_ingredientRun
481fab23-5b5f-444c-abbc-4365b8852527,4a1fc8b8-d49b-4044-b902-2e4584fd247d,materialRun_to_ingredientRun
923cf7ec-ecb2-4ede-939a-e4672a541bb9,3dd8a492-d934-4f47-b6e7-0b6638094289,materialRun_to_ingredientRun
020b6fcb-72b9-4e89-b3c8-9abad4eafc61,125ef471-20cd-40c7-9888-7d7ae1de74ca,materialRun_to_ingredientRun
6de68019-0eb8-4f80-8ce7-d9ff8630bfff,707db2b8-4a35-4e10-8312-2251056dcd3a,materialRun_to_ingredientRun
7d45d50a-1ca0-4542-951a-d1863f27a9ff,8735afa5-f063-4b50-9c03-d044deb4906a,materialRun_to_ingredientRun
3baabacd-a036-4eaa-83d5-6863e4814b9c,8ae94f6d-c99d-4cd6-904b-09f92fd8e90d,materialRun_to_ingredientRun
347bfc18-9d00-4bc7-9fe6-9f49d419899e,76a1c623-c7e2-44a9-8891-32347b1ff940,materialRun_to_ingredientRun
76706eef-9f5f-4fdf-a463-1c530872d54b,c65a0eed-9818-4848-8223-1b150c01f6f1,materialRun_to_ingredientRun
9d666fb5-40de-4832-9a12-6442d2ae8996,f1fc4493-f82a-43fe-adc2-4e707b2af82d,materialRun_to_ingredientRun
2f5e4f59-a48e-42a5-b650-dce774e6927e,8616ae4e-6bec-47a6-9d2e-238e4f95256d,materialRun_to_ingredientRun
e5de2faa-eb8a-4dc5-ae07-88ad536ee41f,ba0339d2-c67f-44b7-8230-bd6c6bc5d77e,materialRun_to_ingredientRun
10ea2881-0d61-4f25-b544-3c02bf338dc6,05f18a83-027e-44c2-b780-e2b05f4933ea,materialRun_to_ingredientRun
1f7313f0-2010-4f1a-ac39-de03af8e2c24,222932f8-9c73-4707-bcce-bfad22e1e4dc,materialRun_to_ingredientRun
1f7313f0-2010-4f1a-ac39-de03af8e2c24,e3cb16eb-f924-49b6-9311-c26743ddae0b,materialRun_to_ingredientRun
81291da6-7583-40cb-9888-5695b62bc2ac,f55b6a05-96e2-4522-a470-bf642f20acd2,materialRun_to_ingredientRun
9fe40704-b969-40a4-8f82-98832bce5b02,d3de9c08-87cd-46fc-8a3f-a62780d997b6,materialRun_to_ingredientRun
305b51b7-ce3c-483c-93af-f521e09bc460,3de294ff-70fb-4482-8599-13ac17a74404,materialRun_to_ingredientRun
f9d1860e-a29c-48c3-942d-8fbda7a6881c,5105d714-4dee-434a-a6d8-37511905e670,materialRun_to_ingredientRun
e95f2416-1249-4596-a9e9-e426dd880a06,4e2c1dd1-f10c-49b6-b7d1-12fc3f42da58,materialRun_to_ingredientRun
aa684896-12b2-4788-8a72-2d978690c5f4,670ec51d-3c16-4a74-a467-efb8cdc624c7,materialRun_to_ingredientRun
a4ad9fda-5f6b-4bd1-b5d8-ca66c4061b0c,6fbdbf9a-324a-475a-b22b-40941f741a12,materialRun_to_ingredientRun
cd26a0f1-c742-4ab6-9610-42d3363c573d,bbcf0fb3-10d8-494e-b2aa-f81533966aa6,materialRun_to_ingredientRun
e0c1a5a7-f2b9-4128-b5ee-2bffbbfea41f,675a4024-0afa-4c96-9013-f91b51d07472,materialRun_to_ingredientRun
2f5e4f59-a48e-42a5-b650-dce774e6927e,4460d8e6-e64f-45e5-8f0f-98beccebe62b,materialRun_to_ingredientRun
c80827f8-435d-40ae-aefb-f05e64cc978d,a4d20ab7-655c-4fce-890f-acf3f4350a8e,materialRun_to_ingredientRun
c7e9431a-6600-40d8-9ac6-db38a7faf106,2f6e7a90-e7fe-4d14-951e-8b4bb0681dc6,materialRun_to_ingredientRun
81291da6-7583-40cb-9888-5695b62bc2ac,32b9f00a-c1bc-4d67-9b7f-74d7b99abfad,materialRun_to_ingredientRun
708391c0-f12a-438d-b4c9-cb505fce7e79,b6866681-84a6-44fd-80f3-a353cffe8a54,materialRun_to_ingredientRun
49490429-71fd-4cbc-9d05-43cd438af633,005fff82-d01e-410b-ac15-0316648896f1,materialRun_to_ingredientRun
9cd5e80f-f9e4-4326-95ad-b05c2f5687c9,f3f0fd1c-ec77-4057-9e98-89ca52926978,materialRun_to_ingredientRun
f5078c65-8b0d-421e-8363-82eb7692a06c,a48525e3-882d-4729-80a7-07af09346260,materialRun_to_ingredientRun
ab33e68b-475f-4dc2-b96b-5fc3d373cdd7,3abce915-9fdc-4f82-94bf-3d9b9a872239,materialRun_to_ingredientRun
b9b40025-6892-403f-a65c-ed043ed5673d,431e116c-dbcf-4927-9100-7e175cdf0342,ingredientRun_to_conditionTemplate
b9b40025-6892-403f-a65c-ed043ed5673d,00de68f0-57d8-42fc-b5f4-4a1f21d7dc68,ingredientRun_to_conditionTemplate
b9b40025-6892-403f-a65c-ed043ed5673d,0471f9aa-d24d-4598-ac94-02c6dd1c8d1d,ingredientRun_to_parameterTemplate
b9b40025-6892-403f-a65c-ed043ed5673d,aeb8081b-d8a4-47e5-9fd6-fd5e9bdcb5a1,ingredientRun_to_parameterTemplate
4433d824-107a-4d8b-aeb7-6e6ff37f8fbd,431e116c-dbcf-4927-9100-7e175cdf0342,ingredientRun_to_conditionTemplate
4433d824-107a-4d8b-aeb7-6e6ff37f8fbd,0471f9aa-d24d-4598-ac94-02c6dd1c8d1d,ingredientRun_to_parameterTemplate
837e7922-f865-430b-b0d0-90773ccf7f56,431e116c-dbcf-4927-9100-7e175cdf0342,ingredientRun_to_conditionTemplate
837e7922-f865-430b-b0d0-90773ccf7f56,0471f9aa-d24d-4598-ac94-02c6dd1c8d1d,ingredientRun_to_parameterTemplate
16cc58e0-ab8a-4af1-86cc-14f52b0b5639,431e116c-dbcf-4927-9100-7e175cdf0342,ingredientRun_to_conditionTemplate
16cc58e0-ab8a-4af1-86cc-14f52b0b5639,0471f9aa-d24d-4598-ac94-02c6dd1c8d1d,ingredientRun_to_parameterTemplate
1a816960-7a97-454f-976e-83c0487638bc,431e116c-dbcf-4927-9100-7e175cdf0342,ingredientRun_to_conditionTemplate
1a816960-7a97-454f-976e-83c0487638bc,0471f9aa-d24d-4598-ac94-02c6dd1c8d1d,ingredientRun_to_parameterTemplate
13de8a09-aa3b-413a-b622-32443578699e,431e116c-dbcf-4927-9100-7e175cdf0342,ingredientRun_to_conditionTemplate
13de8a09-aa3b-413a-b622-32443578699e,0471f9aa-d24d-4598-ac94-02c6dd1c8d1d,ingredientRun_to_parameterTemplate
0a599d70-69d2-43fa-b2a3-7bb9fa3fdaf4,00de68f0-57d8-42fc-b5f4-4a1f21d7dc68,ingredientRun_to_conditionTemplate
0a599d70-69d2-43fa-b2a3-7bb9fa3fdaf4,431e116c-dbcf-4927-9100-7e175cdf0342,ingredientRun_to_conditionTemplate
0a599d70-69d2-43fa-b2a3-7bb9fa3fdaf4,aeb8081b-d8a4-47e5-9fd6-fd5e9bdcb5a1,ingredientRun_to_parameterTemplate
0a599d70-69d2-43fa-b2a3-7bb9fa3fdaf4,85546fe9-ce12-41fd-9c4f-b2d4a2b21986,ingredientRun_to_parameterTemplate
0a599d70-69d2-43fa-b2a3-7bb9fa3fdaf4,c837c92a-cbd0-4e6f-b976-9ffe1682ffdb,ingredientRun_to_parameterTemplate
d52ef262-712a-4ec0-b092-cbb867752b76,431e116c-dbcf-4927-9100-7e175cdf0342,ingredientRun_to_conditionTemplate
d52ef262-712a-4ec0-b092-cbb867752b76,0471f9aa-d24d-4598-ac94-02c6dd1c8d1d,ingredientRun_to_parameterTemplate
4ea162ca-8d39-44bf-8c76-439bb164e0f8,431e116c-dbcf-4927-9100-7e175cdf0342,ingredientRun_to_conditionTemplate
4ea162ca-8d39-44bf-8c76-439bb164e0f8,0471f9aa-d24d-4598-ac94-02c6dd1c8d1d,ingredientRun_to_parameterTemplate
d570d7d1-401a-4d5d-906c-ab7f03f3e228,431e116c-dbcf-4927-9100-7e175cdf0342,ingredientRun_to_conditionTemplate
d570d7d1-401a-4d5d-906c-ab7f03f3e228,0471f9aa-d24d-4598-ac94-02c6dd1c8d1d,ingredientRun_to_parameterTemplate
c5071972-d4f5-4ca6-9c1c-c82abedcbc9e,00de68f0-57d8-42fc-b5f4-4a1f21d7dc68,ingredientRun_to_conditionTemplate
c5071972-d4f5-4ca6-9c1c-c82abedcbc9e,431e116c-dbcf-4927-9100-7e175cdf0342,ingredientRun_to_conditionTemplate
c5071972-d4f5-4ca6-9c1c-c82abedcbc9e,aeb8081b-d8a4-47e5-9fd6-fd5e9bdcb5a1,ingredientRun_to_parameterTemplate
c5071972-d4f5-4ca6-9c1c-c82abedcbc9e,c837c92a-cbd0-4e6f-b976-9ffe1682ffdb,ingredientRun_to_parameterTemplate
8114dcdf-831b-4335-bfa0-1a6faf2b27d3,431e116c-dbcf-4927-9100-7e175cdf0342,ingredientRun_to_conditionTemplate
8114dcdf-831b-4335-bfa0-1a6faf2b27d3,0471f9aa-d24d-4598-ac94-02c6dd1c8d1d,ingredientRun_to_parameterTemplate
6a94a77a-f43b-42db-b1b4-53e8aacddc77,431e116c-dbcf-4927-9100-7e175cdf0342,ingredientRun_to_conditionTemplate
6a94a77a-f43b-42db-b1b4-53e8aacddc77,0471f9aa-d24d-4598-ac94-02c6dd1c8d1d,ingredientRun_to_parameterTemplate
51b836b8-fdbd-4a17-99fb-07773a1b134d,00de68f0-57d8-42fc-b5f4-4a1f21d7dc68,ingredientRun_to_conditionTemplate
51b836b8-fdbd-4a17-99fb-07773a1b134d,431e116c-dbcf-4927-9100-7e175cdf0342,ingredientRun_to_conditionTemplate
51b836b8-fdbd-4a17-99fb-07773a1b134d,aeb8081b-d8a4-47e5-9fd6-fd5e9bdcb5a1,ingredientRun_to_parameterTemplate
51b836b8-fdbd-4a17-99fb-07773a1b134d,85546fe9-ce12-41fd-9c4f-b2d4a2b21986,ingredientRun_to_parameterTemplate
51b836b8-fdbd-4a17-99fb-07773a1b134d,c837c92a-cbd0-4e6f-b976-9ffe1682ffdb,ingredientRun_to_parameterTemplate
012fb7f1-54f0-4495-8492-4d521deaa8a5,00de68f0-57d8-42fc-b5f4-4a1f21d7dc68,ingredientRun_to_conditionTemplate
012fb7f1-54f0-4495-8492-4d521deaa8a5,431e116c-dbcf-4927-9100-7e175cdf0342,ingredientRun_to_conditionTemplate
012fb7f1-54f0-4495-8492-4d521deaa8a5,aeb8081b-d8a4-47e5-9fd6-fd5e9bdcb5a1,ingredientRun_to_parameterTemplate
012fb7f1-54f0-4495-8492-4d521deaa8a5,c837c92a-cbd0-4e6f-b976-9ffe1682ffdb,ingredientRun_to_parameterTemplate
c273174e-3e57-40d5-94f4-318bfd88f3dd,431e116c-dbcf-4927-9100-7e175cdf0342,ingredientRun_to_conditionTemplate
c273174e-3e57-40d5-94f4-318bfd88f3dd,0471f9aa-d24d-4598-ac94-02c6dd1c8d1d,ingredientRun_to_parameterTemplate
d4492d34-ff10-403e-a68e-b3bca686a6d6,431e116c-dbcf-4927-9100-7e175cdf0342,ingredientRun_to_conditionTemplate
d4492d34-ff10-403e-a68e-b3bca686a6d6,00de68f0-57d8-42fc-b5f4-4a1f21d7dc68,ingredientRun_to_conditionTemplate
d4492d34-ff10-403e-a68e-b3bca686a6d6,0471f9aa-d24d-4598-ac94-02c6dd1c8d1d,ingredientRun_to_parameterTemplate
d4492d34-ff10-403e-a68e-b3bca686a6d6,aeb8081b-d8a4-47e5-9fd6-fd5e9bdcb5a1,ingredientRun_to_parameterTemplate
858de70f-3708-47bb-bcb3-7d7be2fc4ef3,431e116c-dbcf-4927-9100-7e175cdf0342,ingredientRun_to_conditionTemplate
858de70f-3708-47bb-bcb3-7d7be2fc4ef3,0471f9aa-d24d-4598-ac94-02c6dd1c8d1d,ingredientRun_to_parameterTemplate
b825a604-30f5-433b-8cbc-a585ec3e71fe,431e116c-dbcf-4927-9100-7e175cdf0342,ingredientRun_to_conditionTemplate
b825a604-30f5-433b-8cbc-a585ec3e71fe,0471f9aa-d24d-4598-ac94-02c6dd1c8d1d,ingredientRun_to_parameterTemplate
ce35b2eb-daab-4c8e-9f69-a8cb5b363bec,00de68f0-57d8-42fc-b5f4-4a1f21d7dc68,ingredientRun_to_conditionTemplate
ce35b2eb-daab-4c8e-9f69-a8cb5b363bec,431e116c-dbcf-4927-9100-7e175cdf0342,ingredientRun_to_conditionTemplate
ce35b2eb-daab-4c8e-9f69-a8cb5b363bec,aeb8081b-d8a4-47e5-9fd6-fd5e9bdcb5a1,ingredientRun_to_parameterTemplate
ce35b2eb-daab-4c8e-9f69-a8cb5b363bec,85546fe9-ce12-41fd-9c4f-b2d4a2b21986,ingredientRun_to_parameterTemplate
ce35b2eb-daab-4c8e-9f69-a8cb5b363bec,c837c92a-cbd0-4e6f-b976-9ffe1682ffdb,ingredientRun_to_parameterTemplate
55eb1865-1117-426d-b92a-ff49225cab68,431e116c-dbcf-4927-9100-7e175cdf0342,ingredientRun_to_conditionTemplate
55eb1865-1117-426d-b92a-ff49225cab68,0471f9aa-d24d-4598-ac94-02c6dd1c8d1d,ingredientRun_to_parameterTemplate
c100943b-4655-4ca0-ad0c-99d1e338ef4f,00de68f0-57d8-42fc-b5f4-4a1f21d7dc68,ingredientRun_to_conditionTemplate
c100943b-4655-4ca0-ad0c-99d1e338ef4f,431e116c-dbcf-4927-9100-7e175cdf0342,ingredientRun_to_conditionTemplate
c100943b-4655-4ca0-ad0c-99d1e338ef4f,aeb8081b-d8a4-47e5-9fd6-fd5e9bdcb5a1,ingredientRun_to_parameterTemplate
c100943b-4655-4ca0-ad0c-99d1e338ef4f,c837c92a-cbd0-4e6f-b976-9ffe1682ffdb,ingredientRun_to_parameterTemplate
d1716b03-2edf-4dd8-8054-993a750703be,00de68f0-57d8-42fc-b5f4-4a1f21d7dc68,ingredientRun_to_conditionTemplate
d1716b03-2edf-4dd8-8054-993a750703be,431e116c-dbcf-4927-9100-7e175cdf0342,ingredientRun_to_conditionTemplate
d1716b03-2edf-4dd8-8054-993a750703be,aeb8081b-d8a4-47e5-9fd6-fd5e9bdcb5a1,ingredientRun_to_parameterTemplate
d1716b03-2edf-4dd8-8054-993a750703be,85546fe9-ce12-41fd-9c4f-b2d4a2b21986,ingredientRun_to_parameterTemplate
d1716b03-2edf-4dd8-8054-993a750703be,c837c92a-cbd0-4e6f-b976-9ffe1682ffdb,ingredientRun_to_parameterTemplate
ac6dd7e1-70ae-425b-8dbb-52bd7c43ab51,00de68f0-57d8-42fc-b5f4-4a1f21d7dc68,ingredientRun_to_conditionTemplate
ac6dd7e1-70ae-425b-8dbb-52bd7c43ab51,431e116c-dbcf-4927-9100-7e175cdf0342,ingredientRun_to_conditionTemplate
ac6dd7e1-70ae-425b-8dbb-52bd7c43ab51,aeb8081b-d8a4-47e5-9fd6-fd5e9bdcb5a1,ingredientRun_to_parameterTemplate
ac6dd7e1-70ae-425b-8dbb-52bd7c43ab51,85546fe9-ce12-41fd-9c4f-b2d4a2b21986,ingredientRun_to_parameterTemplate
ac6dd7e1-70ae-425b-8dbb-52bd7c43ab51,c837c92a-cbd0-4e6f-b976-9ffe1682ffdb,ingredientRun_to_parameterTemplate
177efb85-6379-43ae-a385-ea97687b6d74,00de68f0-57d8-42fc-b5f4-4a1f21d7dc68,ingredientRun_to_conditionTemplate
177efb85-6379-43ae-a385-ea97687b6d74,431e116c-dbcf-4927-9100-7e175cdf0342,ingredientRun_to_conditionTemplate
177efb85-6379-43ae-a385-ea97687b6d74,aeb8081b-d8a4-47e5-9fd6-fd5e9bdcb5a1,ingredientRun_to_parameterTemplate
177efb85-6379-43ae-a385-ea97687b6d74,85546fe9-ce12-41fd-9c4f-b2d4a2b21986,ingredientRun_to_parameterTemplate
177efb85-6379-43ae-a385-ea97687b6d74,c837c92a-cbd0-4e6f-b976-9ffe1682ffdb,ingredientRun_to_parameterTemplate
62bf2e1c-c0d1-433a-a6f4-2ee8bf01300b,431e116c-dbcf-4927-9100-7e175cdf0342,ingredientRun_to_conditionTemplate
62bf2e1c-c0d1-433a-a6f4-2ee8bf01300b,0471f9aa-d24d-4598-ac94-02c6dd1c8d1d,ingredientRun_to_parameterTemplate
65a26654-4f07-43d2-b313-c41060e5ef85,431e116c-dbcf-4927-9100-7e175cdf0342,ingredientRun_to_conditionTemplate
65a26654-4f07-43d2-b313-c41060e5ef85,0471f9aa-d24d-4598-ac94-02c6dd1c8d1d,ingredientRun_to_parameterTemplate
fe92c9dd-972a-44f9-ad11-270526c2e441,431e116c-dbcf-4927-9100-7e175cdf0342,ingredientRun_to_conditionTemplate
fe92c9dd-972a-44f9-ad11-270526c2e441,0471f9aa-d24d-4598-ac94-02c6dd1c8d1d,ingredientRun_to_parameterTemplate
fd8d2dfe-0af5-4222-9d13-60f9c459b6e2,431e116c-dbcf-4927-9100-7e175cdf0342,ingredientRun_to_conditionTemplate
e0f36f34-a674-4b16-8271-f0be543aa26e,431e116c-dbcf-4927-9100-7e175cdf0342,ingredientRun_to_conditionTemplate
e0f36f34-a674-4b16-8271-f0be543aa26e,0471f9aa-d24d-4598-ac94-02c6dd1c8d1d,ingredientRun_to_parameterTemplate
4a1fc8b8-d49b-4044-b902-2e4584fd247d,431e116c-dbcf-4927-9100-7e175cdf0342,ingredientRun_to_conditionTemplate
4a1fc8b8-d49b-4044-b902-2e4584fd247d,00de68f0-57d8-42fc-b5f4-4a1f21d7dc68,ingredientRun_to_conditionTemplate
4a1fc8b8-d49b-4044-b902-2e4584fd247d,0471f9aa-d24d-4598-ac94-02c6dd1c8d1d,ingredientRun_to_parameterTemplate
4a1fc8b8-d49b-4044-b902-2e4584fd247d,aeb8081b-d8a4-47e5-9fd6-fd5e9bdcb5a1,ingredientRun_to_parameterTemplate
3dd8a492-d934-4f47-b6e7-0b6638094289,431e116c-dbcf-4927-9100-7e175cdf0342,ingredientRun_to_conditionTemplate
3dd8a492-d934-4f47-b6e7-0b6638094289,0471f9aa-d24d-4598-ac94-02c6dd1c8d1d,ingredientRun_to_parameterTemplate
707db2b8-4a35-4e10-8312-2251056dcd3a,431e116c-dbcf-4927-9100-7e175cdf0342,ingredientRun_to_conditionTemplate
707db2b8-4a35-4e10-8312-2251056dcd3a,0471f9aa-d24d-4598-ac94-02c6dd1c8d1d,ingredientRun_to_parameterTemplate
8735afa5-f063-4b50-9c03-d044deb4906a,00de68f0-57d8-42fc-b5f4-4a1f21d7dc68,ingredientRun_to_conditionTemplate
8735afa5-f063-4b50-9c03-d044deb4906a,431e116c-dbcf-4927-9100-7e175cdf0342,ingredientRun_to_conditionTemplate
8735afa5-f063-4b50-9c03-d044deb4906a,aeb8081b-d8a4-47e5-9fd6-fd5e9bdcb5a1,ingredientRun_to_parameterTemplate
8735afa5-f063-4b50-9c03-d044deb4906a,85546fe9-ce12-41fd-9c4f-b2d4a2b21986,ingredientRun_to_parameterTemplate
8735afa5-f063-4b50-9c03-d044deb4906a,c837c92a-cbd0-4e6f-b976-9ffe1682ffdb,ingredientRun_to_parameterTemplate
8ae94f6d-c99d-4cd6-904b-09f92fd8e90d,431e116c-dbcf-4927-9100-7e175cdf0342,ingredientRun_to_conditionTemplate
8ae94f6d-c99d-4cd6-904b-09f92fd8e90d,0471f9aa-d24d-4598-ac94-02c6dd1c8d1d,ingredientRun_to_parameterTemplate
76a1c623-c7e2-44a9-8891-32347b1ff940,00de68f0-57d8-42fc-b5f4-4a1f21d7dc68,ingredientRun_to_conditionTemplate
76a1c623-c7e2-44a9-8891-32347b1ff940,431e116c-dbcf-4927-9100-7e175cdf0342,ingredientRun_to_conditionTemplate
76a1c623-c7e2-44a9-8891-32347b1ff940,aeb8081b-d8a4-47e5-9fd6-fd5e9bdcb5a1,ingredientRun_to_parameterTemplate
76a1c623-c7e2-44a9-8891-32347b1ff940,c837c92a-cbd0-4e6f-b976-9ffe1682ffdb,ingredientRun_to_parameterTemplate
c65a0eed-9818-4848-8223-1b150c01f6f1,431e116c-dbcf-4927-9100-7e175cdf0342,ingredientRun_to_conditionTemplate
c65a0eed-9818-4848-8223-1b150c01f6f1,0471f9aa-d24d-4598-ac94-02c6dd1c8d1d,ingredientRun_to_parameterTemplate
f1fc4493-f82a-43fe-adc2-4e707b2af82d,00de68f0-57d8-42fc-b5f4-4a1f21d7dc68,ingredientRun_to_conditionTemplate
f1fc4493-f82a-43fe-adc2-4e707b2af82d,431e116c-dbcf-4927-9100-7e175cdf0342,ingredientRun_to_conditionTemplate
f1fc4493-f82a-43fe-adc2-4e707b2af82d,aeb8081b-d8a4-47e5-9fd6-fd5e9bdcb5a1,ingredientRun_to_parameterTemplate
f1fc4493-f82a-43fe-adc2-4e707b2af82d,85546fe9-ce12-41fd-9c4f-b2d4a2b21986,ingredientRun_to_parameterTemplate
f1fc4493-f82a-43fe-adc2-4e707b2af82d,c837c92a-cbd0-4e6f-b976-9ffe1682ffdb,ingredientRun_to_parameterTemplate
8616ae4e-6bec-47a6-9d2e-238e4f95256d,431e116c-dbcf-4927-9100-7e175cdf0342,ingredientRun_to_conditionTemplate
ba0339d2-c67f-44b7-8230-bd6c6bc5d77e,431e116c-dbcf-4927-9100-7e175cdf0342,ingredientRun_to_conditionTemplate
ba0339d2-c67f-44b7-8230-bd6c6bc5d77e,00de68f0-57d8-42fc-b5f4-4a1f21d7dc68,ingredientRun_to_conditionTemplate
ba0339d2-c67f-44b7-8230-bd6c6bc5d77e,0471f9aa-d24d-4598-ac94-02c6dd1c8d1d,ingredientRun_to_parameterTemplate
ba0339d2-c67f-44b7-8230-bd6c6bc5d77e,aeb8081b-d8a4-47e5-9fd6-fd5e9bdcb5a1,ingredientRun_to_parameterTemplate
05f18a83-027e-44c2-b780-e2b05f4933ea,431e116c-dbcf-4927-9100-7e175cdf0342,ingredientRun_to_conditionTemplate
05f18a83-027e-44c2-b780-e2b05f4933ea,0471f9aa-d24d-4598-ac94-02c6dd1c8d1d,ingredientRun_to_parameterTemplate
222932f8-9c73-4707-bcce-bfad22e1e4dc,431e116c-dbcf-4927-9100-7e175cdf0342,ingredientRun_to_conditionTemplate
222932f8-9c73-4707-bcce-bfad22e1e4dc,0471f9aa-d24d-4598-ac94-02c6dd1c8d1d,ingredientRun_to_parameterTemplate
e3cb16eb-f924-49b6-9311-c26743ddae0b,431e116c-dbcf-4927-9100-7e175cdf0342,ingredientRun_to_conditionTemplate
e3cb16eb-f924-49b6-9311-c26743ddae0b,0471f9aa-d24d-4598-ac94-02c6dd1c8d1d,ingredientRun_to_parameterTemplate
f55b6a05-96e2-4522-a470-bf642f20acd2,00de68f0-57d8-42fc-b5f4-4a1f21d7dc68,ingredientRun_to_conditionTemplate
f55b6a05-96e2-4522-a470-bf642f20acd2,431e116c-dbcf-4927-9100-7e175cdf0342,ingredientRun_to_conditionTemplate
f55b6a05-96e2-4522-a470-bf642f20acd2,aeb8081b-d8a4-47e5-9fd6-fd5e9bdcb5a1,ingredientRun_to_parameterTemplate
f55b6a05-96e2-4522-a470-bf642f20acd2,85546fe9-ce12-41fd-9c4f-b2d4a2b21986,ingredientRun_to_parameterTemplate
f55b6a05-96e2-4522-a470-bf642f20acd2,c837c92a-cbd0-4e6f-b976-9ffe1682ffdb,ingredientRun_to_parameterTemplate
d3de9c08-87cd-46fc-8a3f-a62780d997b6,431e116c-dbcf-4927-9100-7e175cdf0342,ingredientRun_to_conditionTemplate
d3de9c08-87cd-46fc-8a3f-a62780d997b6,0471f9aa-d24d-4598-ac94-02c6dd1c8d1d,ingredientRun_to_parameterTemplate
5105d714-4dee-434a-a6d8-37511905e670,431e116c-dbcf-4927-9100-7e175cdf0342,ingredientRun_to_conditionTemplate
5105d714-4dee-434a-a6d8-37511905e670,0471f9aa-d24d-4598-ac94-02c6dd1c8d1d,ingredientRun_to_parameterTemplate
670ec51d-3c16-4a74-a467-efb8cdc624c7,431e116c-dbcf-4927-9100-7e175cdf0342,ingredientRun_to_conditionTemplate
670ec51d-3c16-4a74-a467-efb8cdc624c7,0471f9aa-d24d-4598-ac94-02c6dd1c8d1d,ingredientRun_to_parameterTemplate
6fbdbf9a-324a-475a-b22b-40941f741a12,431e116c-dbcf-4927-9100-7e175cdf0342,ingredientRun_to_conditionTemplate
6fbdbf9a-324a-475a-b22b-40941f741a12,0471f9aa-d24d-4598-ac94-02c6dd1c8d1d,ingredientRun_to_parameterTemplate
675a4024-0afa-4c96-9013-f91b51d07472,00de68f0-57d8-42fc-b5f4-4a1f21d7dc68,ingredientRun_to_conditionTemplate
675a4024-0afa-4c96-9013-f91b51d07472,431e116c-dbcf-4927-9100-7e175cdf0342,ingredientRun_to_conditionTemplate
675a4024-0afa-4c96-9013-f91b51d07472,aeb8081b-d8a4-47e5-9fd6-fd5e9bdcb5a1,ingredientRun_to_parameterTemplate
675a4024-0afa-4c96-9013-f91b51d07472,85546fe9-ce12-41fd-9c4f-b2d4a2b21986,ingredientRun_to_parameterTemplate
675a4024-0afa-4c96-9013-f91b51d07472,c837c92a-cbd0-4e6f-b976-9ffe1682ffdb,ingredientRun_to_parameterTemplate
4460d8e6-e64f-45e5-8f0f-98beccebe62b,431e116c-dbcf-4927-9100-7e175cdf0342,ingredientRun_to_conditionTemplate
2f6e7a90-e7fe-4d14-951e-8b4bb0681dc6,431e116c-dbcf-4927-9100-7e175cdf0342,ingredientRun_to_conditionTemplate
2f6e7a90-e7fe-4d14-951e-8b4bb0681dc6,0471f9aa-d24d-4598-ac94-02c6dd1c8d1d,ingredientRun_to_parameterTemplate
32b9f00a-c1bc-4d67-9b7f-74d7b99abfad,00de68f0-57d8-42fc-b5f4-4a1f21d7dc68,ingredientRun_to_conditionTemplate
32b9f00a-c1bc-4d67-9b7f-74d7b99abfad,431e116c-dbcf-4927-9100-7e175cdf0342,ingredientRun_to_conditionTemplate
32b9f00a-c1bc-4d67-9b7f-74d7b99abfad,aeb8081b-d8a4-47e5-9fd6-fd5e9bdcb5a1,ingredientRun_to_parameterTemplate
32b9f00a-c1bc-4d67-9b7f-74d7b99abfad,85546fe9-ce12-41fd-9c4f-b2d4a2b21986,ingredientRun_to_parameterTemplate
32b9f00a-c1bc-4d67-9b7f-74d7b99abfad,c837c92a-cbd0-4e6f-b976-9ffe1682ffdb,ingredientRun_to_parameterTemplate
b6866681-84a6-44fd-80f3-a353cffe8a54,431e116c-dbcf-4927-9100-7e175cdf0342,ingredientRun_to_conditionTemplate
b6866681-84a6-44fd-80f3-a353cffe8a54,0471f9aa-d24d-4598-ac94-02c6dd1c8d1d,ingredientRun_to_parameterTemplate
005fff82-d01e-410b-ac15-0316648896f1,00de68f0-57d8-42fc-b5f4-4a1f21d7dc68,ingredientRun_to_conditionTemplate
005fff82-d01e-410b-ac15-0316648896f1,431e116c-dbcf-4927-9100-7e175cdf0342,ingredientRun_to_conditionTemplate
005fff82-d01e-410b-ac15-0316648896f1,aeb8081b-d8a4-47e5-9fd6-fd5e9bdcb5a1,ingredientRun_to_parameterTemplate
005fff82-d01e-410b-ac15-0316648896f1,85546fe9-ce12-41fd-9c4f-b2d4a2b21986,ingredientRun_to_parameterTemplate
005fff82-d01e-410b-ac15-0316648896f1,c837c92a-cbd0-4e6f-b976-9ffe1682ffdb,ingredientRun_to_parameterTemplate
f3f0fd1c-ec77-4057-9e98-89ca52926978,00de68f0-57d8-42fc-b5f4-4a1f21d7dc68,ingredientRun_to_conditionTemplate
f3f0fd1c-ec77-4057-9e98-89ca52926978,431e116c-dbcf-4927-9100-7e175cdf0342,ingredientRun_to_conditionTemplate
f3f0fd1c-ec77-4057-9e98-89ca52926978,aeb8081b-d8a4-47e5-9fd6-fd5e9bdcb5a1,ingredientRun_to_parameterTemplate
f3f0fd1c-ec77-4057-9e98-89ca52926978,85546fe9-ce12-41fd-9c4f-b2d4a2b21986,ingredientRun_to_parameterTemplate
f3f0fd1c-ec77-4057-9e98-89ca52926978,c837c92a-cbd0-4e6f-b976-9ffe1682ffdb,ingredientRun_to_parameterTemplate
3abce915-9fdc-4f82-94bf-3d9b9a872239,431e116c-dbcf-4927-9100-7e175cdf0342,ingredientRun_to_conditionTemplate
3abce915-9fdc-4f82-94bf-3d9b9a872239,0471f9aa-d24d-4598-ac94-02c6dd1c8d1d,ingredientRun_to_parameterTemplate
categorical 28,bada7bac-99de-44a6-937a-73f070dee11f,category_to_processRun
categorical 6,bada7bac-99de-44a6-937a-73f070dee11f,category_to_processRun
categorical 7,bada7bac-99de-44a6-937a-73f070dee11f,category_to_processRun
categorical 28,38f27829-64d2-4ccc-ab4c-99bd8c057a71,category_to_processRun
categorical 3,38f27829-64d2-4ccc-ab4c-99bd8c057a71,category_to_processRun
categorical 30,9ff862df-0ce6-4a39-b4c1-118b4f5cd7f0,category_to_processRun
categorical 27,9ff862df-0ce6-4a39-b4c1-118b4f5cd7f0,category_to_processRun
categorical 28,ff08afcb-6801-4935-aa9d-2a7348c71c42,category_to_processRun
categorical 28,7c397e07-b34c-41bb-acf4-fb877f5f099c,category_to_processRun
categorical 3,7c397e07-b34c-41bb-acf4-fb877f5f099c,category_to_processRun
categorical 27,589762a7-3dd7-44b5-b92e-4c66ab28e289,category_to_processRun
categorical 29,589762a7-3dd7-44b5-b92e-4c66ab28e289,category_to_processRun
categorical 9,589762a7-3dd7-44b5-b92e-4c66ab28e289,category_to_processRun
categorical 4,589762a7-3dd7-44b5-b92e-4c66ab28e289,category_to_processRun
categorical 28,65065b14-b240-4a37-9df1-ab7a19d5187f,category_to_processRun
categorical 3,65065b14-b240-4a37-9df1-ab7a19d5187f,category_to_processRun
categorical 28,5525bc03-7ed8-4551-b07a-c4fa1f0c5db8,category_to_processRun
categorical 6,5525bc03-7ed8-4551-b07a-c4fa1f0c5db8,category_to_processRun
categorical 7,5525bc03-7ed8-4551-b07a-c4fa1f0c5db8,category_to_processRun
categorical 28,708c5f76-20d3-4511-b57a-ad4afb41e6ac,category_to_processRun
categorical 3,708c5f76-20d3-4511-b57a-ad4afb41e6ac,category_to_processRun
categorical 28,af010cb2-1135-46f5-8848-7a2b787ed9d6,category_to_processRun
categorical 3,af010cb2-1135-46f5-8848-7a2b787ed9d6,category_to_processRun
categorical 28,be514bf8-c80f-45ad-9b99-e2c1d5955b23,category_to_processRun
categorical 6,be514bf8-c80f-45ad-9b99-e2c1d5955b23,category_to_processRun
categorical 7,be514bf8-c80f-45ad-9b99-e2c1d5955b23,category_to_processRun
categorical 31,70894e5d-127c-4ea7-bdd6-c9bb80cff9df,category_to_processRun
categorical 27,70894e5d-127c-4ea7-bdd6-c9bb80cff9df,category_to_processRun
categorical 27,8a51e5e1-a9f8-4e10-9c62-669df18089c2,category_to_processRun
categorical 6,8a51e5e1-a9f8-4e10-9c62-669df18089c2,category_to_processRun
categorical 11,8a51e5e1-a9f8-4e10-9c62-669df18089c2,category_to_processRun
categorical 10,8a51e5e1-a9f8-4e10-9c62-669df18089c2,category_to_processRun
categorical 31,1bc76ff9-bd22-433c-ba61-96b29e7e2892,category_to_processRun
categorical 27,1bc76ff9-bd22-433c-ba61-96b29e7e2892,category_to_processRun
categorical 28,028fd1d3-ddad-4fab-b8e6-3795e2b7f353,category_to_processRun
categorical 3,028fd1d3-ddad-4fab-b8e6-3795e2b7f353,category_to_processRun
categorical 28,46ca2fd3-c1ec-450f-9162-5a2eb795a085,category_to_processRun
categorical 5,46ca2fd3-c1ec-450f-9162-5a2eb795a085,category_to_processRun
categorical 31,94f6149f-b6bc-49d6-98e4-bd6ba7513d7d,category_to_processRun
categorical 27,94f6149f-b6bc-49d6-98e4-bd6ba7513d7d,category_to_processRun
categorical 28,58bbce6d-2805-4a4f-8395-16b7397855b3,category_to_processRun
categorical 6,58bbce6d-2805-4a4f-8395-16b7397855b3,category_to_processRun
categorical 7,58bbce6d-2805-4a4f-8395-16b7397855b3,category_to_processRun
categorical 32,076ab772-ec4f-4f74-be15-19863dcc915f,category_to_processRun
categorical 27,076ab772-ec4f-4f74-be15-19863dcc915f,category_to_processRun
categorical 30,f32551e7-bb9a-4d10-bc05-9df89e6bd2d0,category_to_processRun
categorical 27,f32551e7-bb9a-4d10-bc05-9df89e6bd2d0,category_to_processRun
categorical 30,995a8c49-888b-465a-8db5-9574b6fbc65c,category_to_processRun
categorical 27,995a8c49-888b-465a-8db5-9574b6fbc65c,category_to_processRun
categorical 27,b2736f8b-a21f-4e94-beab-b021d67a24eb,category_to_processRun
categorical 29,b2736f8b-a21f-4e94-beab-b021d67a24eb,category_to_processRun
categorical 9,b2736f8b-a21f-4e94-beab-b021d67a24eb,category_to_processRun
categorical 4,b2736f8b-a21f-4e94-beab-b021d67a24eb,category_to_processRun
categorical 27,1a73fa8f-55b9-4b08-8867-bd0d0d84153c,category_to_processRun
categorical 6,1a73fa8f-55b9-4b08-8867-bd0d0d84153c,category_to_processRun
categorical 11,1a73fa8f-55b9-4b08-8867-bd0d0d84153c,category_to_processRun
categorical 10,1a73fa8f-55b9-4b08-8867-bd0d0d84153c,category_to_processRun
categorical 27,1dfc9902-0e70-424c-9cd9-93ac9b9c3fb9,category_to_processRun
categorical 6,1dfc9902-0e70-424c-9cd9-93ac9b9c3fb9,category_to_processRun
categorical 11,1dfc9902-0e70-424c-9cd9-93ac9b9c3fb9,category_to_processRun
categorical 10,1dfc9902-0e70-424c-9cd9-93ac9b9c3fb9,category_to_processRun
categorical 32,3ec752f1-d62d-43cb-b1d5-303bc3dd89cd,category_to_processRun
categorical 27,3ec752f1-d62d-43cb-b1d5-303bc3dd89cd,category_to_processRun
categorical 31,d6db3ca3-c4ec-4fe0-811a-9726a075f6ab,category_to_processRun
categorical 27,d6db3ca3-c4ec-4fe0-811a-9726a075f6ab,category_to_processRun
categorical 28,d959855e-9984-4c20-8b87-f6ee7cfba6c0,category_to_processRun
categorical 28,c65c975c-3dac-4bdd-a5b1-d848bab0e3f0,category_to_processRun
categorical 5,c65c975c-3dac-4bdd-a5b1-d848bab0e3f0,category_to_processRun
categorical 28,55985e41-4afa-471d-84fe-054954c13c62,category_to_processRun
categorical 3,55985e41-4afa-471d-84fe-054954c13c62,category_to_processRun
categorical 28,c102fe2d-446a-41d3-9fce-c691269fd381,category_to_processRun
categorical 5,c102fe2d-446a-41d3-9fce-c691269fd381,category_to_processRun
categorical 28,d917f2b6-f3bb-4257-94b5-0ad19e92eb3c,category_to_processRun
categorical 3,d917f2b6-f3bb-4257-94b5-0ad19e92eb3c,category_to_processRun
categorical 28,f00b7da6-9e64-4c73-a609-bb357be3e26e,category_to_processRun
categorical 28,38c65095-19ac-4ea5-8105-760a95e2d84b,category_to_processRun
categorical 5,38c65095-19ac-4ea5-8105-760a95e2d84b,category_to_processRun
categorical 28,0afb2915-d60c-4087-a7d6-5d023f4379b7,category_to_processRun
categorical 3,0afb2915-d60c-4087-a7d6-5d023f4379b7,category_to_processRun
categorical 28,bc4021eb-3039-4420-8546-1ddd9d2963e6,category_to_processRun
categorical 3,bc4021eb-3039-4420-8546-1ddd9d2963e6,category_to_processRun
categorical 28,797816cf-bba9-49e9-ba32-0c4ffaa6fe72,category_to_processRun
categorical 3,797816cf-bba9-49e9-ba32-0c4ffaa6fe72,category_to_processRun
categorical 27,34fbdd88-4c2e-4df2-9edf-3cc34d2ccb32,category_to_processRun
categorical 29,34fbdd88-4c2e-4df2-9edf-3cc34d2ccb32,category_to_processRun
categorical 9,34fbdd88-4c2e-4df2-9edf-3cc34d2ccb32,category_to_processRun
categorical 4,34fbdd88-4c2e-4df2-9edf-3cc34d2ccb32,category_to_processRun
categorical 30,b37c555c-34f2-4340-b693-620aa723e299,category_to_processRun
categorical 27,b37c555c-34f2-4340-b693-620aa723e299,category_to_processRun
categorical 30,bb106a9a-91af-42d4-9650-24df82cbde9b,category_to_processRun
categorical 27,bb106a9a-91af-42d4-9650-24df82cbde9b,category_to_processRun
categorical 32,ba4f8d69-d1b8-49a6-93b6-5f665fd80eeb,category_to_processRun
categorical 27,ba4f8d69-d1b8-49a6-93b6-5f665fd80eeb,category_to_processRun
categorical 30,fd5c0fe0-7aae-49a9-9e3f-14e6b08c30dc,category_to_processRun
categorical 27,fd5c0fe0-7aae-49a9-9e3f-14e6b08c30dc,category_to_processRun
categorical 27,890e03d8-532c-40d6-bf78-f540fa9adbac,category_to_processRun
categorical 29,890e03d8-532c-40d6-bf78-f540fa9adbac,category_to_processRun
categorical 9,890e03d8-532c-40d6-bf78-f540fa9adbac,category_to_processRun
categorical 4,890e03d8-532c-40d6-bf78-f540fa9adbac,category_to_processRun
categorical 32,4dbd86fa-bd51-4f15-9502-6e2356bf371e,category_to_processRun
categorical 27,4dbd86fa-bd51-4f15-9502-6e2356bf371e,category_to_processRun
categorical 28,e5f6a318-d616-4b44-b7b6-9547b73d2b25,category_to_processRun
categorical 3,e5f6a318-d616-4b44-b7b6-9547b73d2b25,category_to_processRun
categorical 28,7d514218-e17f-42b5-bdca-6c8815ee0cdb,category_to_processRun
categorical 3,7d514218-e17f-42b5-bdca-6c8815ee0cdb,category_to_processRun
categorical 27,44e5f093-a246-4ce9-b49d-1b02245222ac,category_to_processRun
categorical 6,44e5f093-a246-4ce9-b49d-1b02245222ac,category_to_processRun
categorical 11,44e5f093-a246-4ce9-b49d-1b02245222ac,category_to_processRun
categorical 10,44e5f093-a246-4ce9-b49d-1b02245222ac,category_to_processRun
3ec752f1-d62d-43cb-b1d5-303bc3dd89cd,e5de2faa-eb8a-4dc5-ae07-88ad536ee41f,processRun_to_materialRun
ba4f8d69-d1b8-49a6-93b6-5f665fd80eeb,6bfe80f4-53dc-41a5-9c97-8d1b2860092a,processRun_to_materialRun
0a150347-8a7e-4624-a121-37e813301291,923cf7ec-ecb2-4ede-939a-e4672a541bb9,processRun_to_materialRun
c102fe2d-446a-41d3-9fce-c691269fd381,0af60f52-f1e3-4e4e-96e2-829830aac07a,processRun_to_materialRun
2836469e-c644-4ff5-9875-a312bf11f860,abf0b634-1699-46ce-adb6-5c7ef1e5dedc,processRun_to_materialRun
58bbce6d-2805-4a4f-8395-16b7397855b3,a4ad9fda-5f6b-4bd1-b5d8-ca66c4061b0c,processRun_to_materialRun
d959855e-9984-4c20-8b87-f6ee7cfba6c0,c2f19dfc-599f-4fbb-aea4-bc544057bc15,processRun_to_materialRun
995a8c49-888b-465a-8db5-9574b6fbc65c,3baabacd-a036-4eaa-83d5-6863e4814b9c,processRun_to_materialRun
e5f6a318-d616-4b44-b7b6-9547b73d2b25,7874d4e5-4915-4984-87f8-fd5ca46e43b0,processRun_to_materialRun
b50f5f85-64ea-41c5-afd1-4a01b2d6a3f7,5c187bfc-aeec-4f60-a338-3808abe5c4fa,processRun_to_materialRun
d917f2b6-f3bb-4257-94b5-0ad19e92eb3c,9fe40704-b969-40a4-8f82-98832bce5b02,processRun_to_materialRun
708c5f76-20d3-4511-b57a-ad4afb41e6ac,717cf09d-44a8-4dc7-a6b9-b31f2bd488b8,processRun_to_materialRun
c42f7ad6-21f4-41d4-ba49-fa6c8f7c6e85,c80827f8-435d-40ae-aefb-f05e64cc978d,processRun_to_materialRun
34fbdd88-4c2e-4df2-9edf-3cc34d2ccb32,309c53b9-d5c5-4910-aa3f-6ef558c5a938,processRun_to_materialRun
82965b6f-43e2-481a-99f2-48d82cd042cd,edf40f5b-476a-44f3-876e-3739680ee09c,processRun_to_materialRun
b37c555c-34f2-4340-b693-620aa723e299,73a97770-1839-435d-9865-67202e11d886,processRun_to_materialRun
076ab772-ec4f-4f74-be15-19863dcc915f,9e0568f5-6e65-49b3-9d0c-0ffe52e102fa,processRun_to_materialRun
7a793728-5eeb-43c5-8477-04e3a6fbe9b2,9cd5e80f-f9e4-4326-95ad-b05c2f5687c9,processRun_to_materialRun
684445b0-d039-4181-b7fc-642d6a97b5fa,2dc34d88-797c-4125-8dba-a33070ad9360,processRun_to_materialRun
d1f703bb-13cb-4eae-8575-f7bbe784d88f,26ebce56-1551-4daa-980a-bd1a04991406,processRun_to_materialRun
d6db3ca3-c4ec-4fe0-811a-9726a075f6ab,f9d1860e-a29c-48c3-942d-8fbda7a6881c,processRun_to_materialRun
af010cb2-1135-46f5-8848-7a2b787ed9d6,b41dab9a-86fa-44e9-aa1e-5466310be6ef,processRun_to_materialRun
890e03d8-532c-40d6-bf78-f540fa9adbac,6f4ad594-21ad-4f21-8fd8-61bd1ae91e7d,processRun_to_materialRun
44e5f093-a246-4ce9-b49d-1b02245222ac,c8126f55-43e3-454b-81b6-ab766077aacd,processRun_to_materialRun
f00b7da6-9e64-4c73-a609-bb357be3e26e,e0c1a5a7-f2b9-4128-b5ee-2bffbbfea41f,processRun_to_materialRun
589762a7-3dd7-44b5-b92e-4c66ab28e289,2c29c60a-bbc7-46e3-8e8d-250f684ddc6c,processRun_to_materialRun
7a793728-5eeb-43c5-8477-04e3a6fbe9b2,2f5e4f59-a48e-42a5-b650-dce774e6927e,processRun_to_materialRun
1a73fa8f-55b9-4b08-8867-bd0d0d84153c,347bfc18-9d00-4bc7-9fe6-9f49d419899e,processRun_to_materialRun
5525bc03-7ed8-4551-b07a-c4fa1f0c5db8,a3292110-3078-4000-83f1-1cbb8544f0e1,processRun_to_materialRun
38c65095-19ac-4ea5-8105-760a95e2d84b,8531b711-3de1-4750-8236-070237ad2bcb,processRun_to_materialRun
07175059-b325-4237-ada4-939d50813e9c,305b51b7-ce3c-483c-93af-f521e09bc460,processRun_to_materialRun
c871de89-98c2-4ed9-a9ac-43b2cb5e7a30,cd26a0f1-c742-4ab6-9610-42d3363c573d,processRun_to_materialRun
0afb2915-d60c-4087-a7d6-5d023f4379b7,65a6fb88-9323-4cff-a98d-69fb615fd699,processRun_to_materialRun
bc4021eb-3039-4420-8546-1ddd9d2963e6,eb249688-45ec-46f7-a811-c69dee3f28d4,processRun_to_materialRun
70894e5d-127c-4ea7-bdd6-c9bb80cff9df,1954aac4-9bc5-4d7f-84c0-0ca85d631b27,processRun_to_materialRun
4dbd86fa-bd51-4f15-9502-6e2356bf371e,481fab23-5b5f-444c-abbc-4365b8852527,processRun_to_materialRun
797816cf-bba9-49e9-ba32-0c4ffaa6fe72,49490429-71fd-4cbc-9d05-43cd438af633,processRun_to_materialRun
1bc76ff9-bd22-433c-ba61-96b29e7e2892,10ea2881-0d61-4f25-b544-3c02bf338dc6,processRun_to_materialRun
f32551e7-bb9a-4d10-bc05-9df89e6bd2d0,2ca72352-ed82-4405-8e89-e725adeec114,processRun_to_materialRun
7d514218-e17f-42b5-bdca-6c8815ee0cdb,9fda6dc7-877f-4ea4-8088-dbfd3669d95d,processRun_to_materialRun
03e78884-82c4-41f2-ae2b-245913b89be6,397783e2-8412-4140-acc6-14031a294e7c,processRun_to_materialRun
55985e41-4afa-471d-84fe-054954c13c62,7d45d50a-1ca0-4542-951a-d1863f27a9ff,processRun_to_materialRun
76a861e9-3825-4b84-99ac-3be7058b1ac3,71ac5277-60ae-4f90-a3c6-1447f33558d9,processRun_to_materialRun
26f7bd57-7054-41b3-843b-d4c4b8e96548,3fbda1d3-ef94-407d-9a3d-f7ee05764e83,processRun_to_materialRun
45a426e9-c8eb-415e-b7fb-ea98478614ee,020b6fcb-72b9-4e89-b3c8-9abad4eafc61,processRun_to_materialRun
65065b14-b240-4a37-9df1-ab7a19d5187f,ab33e68b-475f-4dc2-b96b-5fc3d373cdd7,processRun_to_materialRun
38f27829-64d2-4ccc-ab4c-99bd8c057a71,68561207-c7ce-4c99-90bd-ddd005f53963,processRun_to_materialRun
1dfc9902-0e70-424c-9cd9-93ac9b9c3fb9,b4cd658e-1314-4e17-bd8d-085b50a1fc3a,processRun_to_materialRun
028fd1d3-ddad-4fab-b8e6-3795e2b7f353,708391c0-f12a-438d-b4c9-cb505fce7e79,processRun_to_materialRun
8a51e5e1-a9f8-4e10-9c62-669df18089c2,58fc2d8d-60d2-43e7-aa80-9142f64693eb,processRun_to_materialRun
bb106a9a-91af-42d4-9650-24df82cbde9b,55d99f75-0080-4242-93bb-5a10bc6d6bba,processRun_to_materialRun
be514bf8-c80f-45ad-9b99-e2c1d5955b23,aa684896-12b2-4788-8a72-2d978690c5f4,processRun_to_materialRun
bada7bac-99de-44a6-937a-73f070dee11f,6de68019-0eb8-4f80-8ce7-d9ff8630bfff,processRun_to_materialRun
7a793728-5eeb-43c5-8477-04e3a6fbe9b2,3f5509ca-3099-4cfb-b197-5de8f63a7202,processRun_to_materialRun
9ff862df-0ce6-4a39-b4c1-118b4f5cd7f0,0a7e12a5-094c-4d93-a94c-0a8696a7e24e,processRun_to_materialRun
7c397e07-b34c-41bb-acf4-fb877f5f099c,c7e9431a-6600-40d8-9ac6-db38a7faf106,processRun_to_materialRun
c65c975c-3dac-4bdd-a5b1-d848bab0e3f0,1c3ef916-0c5d-43e8-84fb-63f15abbd0ab,processRun_to_materialRun
fd5c0fe0-7aae-49a9-9e3f-14e6b08c30dc,77d347a0-9071-4f1f-a404-a98a7f18d858,processRun_to_materialRun
ff08afcb-6801-4935-aa9d-2a7348c71c42,9d666fb5-40de-4832-9a12-6442d2ae8996,processRun_to_materialRun
7a793728-5eeb-43c5-8477-04e3a6fbe9b2,81291da6-7583-40cb-9888-5695b62bc2ac,processRun_to_materialRun
0a18dd82-4baf-408f-b3cc-7ef4ce6c8bda,e95f2416-1249-4596-a9e9-e426dd880a06,processRun_to_materialRun
b2736f8b-a21f-4e94-beab-b021d67a24eb,ce8d6453-d0d0-48ab-b3bd-65d7a058278e,processRun_to_materialRun
7a793728-5eeb-43c5-8477-04e3a6fbe9b2,1f7313f0-2010-4f1a-ac39-de03af8e2c24,processRun_to_materialRun
783cb8d5-e246-43e7-b79f-a34523adead5,f5078c65-8b0d-421e-8363-82eb7692a06c,processRun_to_materialRun
94f6149f-b6bc-49d6-98e4-bd6ba7513d7d,76706eef-9f5f-4fdf-a463-1c530872d54b,processRun_to_materialRun
46ca2fd3-c1ec-450f-9162-5a2eb795a085,fb0f584f-9825-4ad4-b818-d79d8c65511c,processRun_to_materialRun
868198ab-566a-4eb5-9866-09a121d38014,92a8b271-a2cc-426c-8012-23567b733b3d,measurementTemplate_to_measurementSpec
ecd8f56f-dd33-4de4-b0a4-5a0cdfac0704,acc23932-2e03-4a70-92d6-44e71cff01a1,measurementTemplate_to_measurementSpec
ecd8f56f-dd33-4de4-b0a4-5a0cdfac0704,16163754-ab31-46e1-bdb8-3279877203f2,measurementTemplate_to_measurementSpec
ecd8f56f-dd33-4de4-b0a4-5a0cdfac0704,b60a6f5e-5e9f-4e41-84d8-dbd1f6655c69,measurementTemplate_to_measurementSpec
868198ab-566a-4eb5-9866-09a121d38014,6fabe966-c885-414b-85f4-a0ca0916ad9c,measurementTemplate_to_measurementSpec
ecd8f56f-dd33-4de4-b0a4-5a0cdfac0704,0361e0be-2490-4730-94d2-2a4c129fd89c,measurementTemplate_to_measurementSpec
868198ab-566a-4eb5-9866-09a121d38014,07d2905e-c4b8-42e9-aa5b-4306a7592c4f,measurementTemplate_to_measurementSpec
0361e0be-2490-4730-94d2-2a4c129fd89c,840212ee-2842-48ac-829f-f90d2096c159,measurementSpec_to_measurementRun
16163754-ab31-46e1-bdb8-3279877203f2,0cef3247-05a0-4b22-8302-29302ba450a5,measurementSpec_to_measurementRun
07d2905e-c4b8-42e9-aa5b-4306a7592c4f,910148f7-726a-4e9d-accc-455b80d36423,measurementSpec_to_measurementRun
b60a6f5e-5e9f-4e41-84d8-dbd1f6655c69,4b09bafc-37e4-4c97-b708-5cd0b263e660,measurementSpec_to_measurementRun
acc23932-2e03-4a70-92d6-44e71cff01a1,1f5b9707-3ecc-4440-a21e-0535ada95e95,measurementSpec_to_measurementRun
92a8b271-a2cc-426c-8012-23567b733b3d,8fa509e9-6b29-4d20-86fd-d865a7c79088,measurementSpec_to_measurementRun
0361e0be-2490-4730-94d2-2a4c129fd89c,ab1097bb-e6d6-4d46-a201-3c5435f0fc4d,measurementSpec_to_measurementRun
16163754-ab31-46e1-bdb8-3279877203f2,db397399-a82a-41a0-8386-4deb7e7e8750,measurementSpec_to_measurementRun
6fabe966-c885-414b-85f4-a0ca0916ad9c,1f4feda2-d7be-41e7-b0e6-4b956d22fc92,measurementSpec_to_measurementRun
6fabe966-c885-414b-85f4-a0ca0916ad9c,b5cca0d9-0ee5-4e34-93d9-6b3c0f7c0028,measurementSpec_to_measurementRun
b60a6f5e-5e9f-4e41-84d8-dbd1f6655c69,0a44a1da-fcaa-4ac8-a827-8d6ba9cd070d,measurementSpec_to_measurementRun
07d2905e-c4b8-42e9-aa5b-4306a7592c4f,79fcc7d7-5fe8-4e52-81f7-17bf45c25c53,measurementSpec_to_measurementRun
92a8b271-a2cc-426c-8012-23567b733b3d,26538c25-2af9-426b-ad8b-2b5d2a0c01c9,measurementSpec_to_measurementRun
92a8b271-a2cc-426c-8012-23567b733b3d,bcb078b5-e3cd-4a58-8c3b-88d3ed937bc9,measurementSpec_to_measurementRun
acc23932-2e03-4a70-92d6-44e71cff01a1,f1981d47-3e3d-4f8b-8266-9cfd5dd68187,measurementSpec_to_measurementRun
840212ee-2842-48ac-829f-f90d2096c159,431e116c-dbcf-4927-9100-7e175cdf0342,measurementRun_to_conditionTemplate
840212ee-2842-48ac-829f-f90d2096c159,0471f9aa-d24d-4598-ac94-02c6dd1c8d1d,measurementRun_to_parameterTemplate
0cef3247-05a0-4b22-8302-29302ba450a5,431e116c-dbcf-4927-9100-7e175cdf0342,measurementRun_to_conditionTemplate
0cef3247-05a0-4b22-8302-29302ba450a5,0471f9aa-d24d-4598-ac94-02c6dd1c8d1d,measurementRun_to_parameterTemplate
910148f7-726a-4e9d-accc-455b80d36423,431e116c-dbcf-4927-9100-7e175cdf0342,measurementRun_to_conditionTemplate
910148f7-726a-4e9d-accc-455b80d36423,0471f9aa-d24d-4598-ac94-02c6dd1c8d1d,measurementRun_to_parameterTemplate
4b09bafc-37e4-4c97-b708-5cd0b263e660,431e116c-dbcf-4927-9100-7e175cdf0342,measurementRun_to_conditionTemplate
4b09bafc-37e4-4c97-b708-5cd0b263e660,0471f9aa-d24d-4598-ac94-02c6dd1c8d1d,measurementRun_to_parameterTemplate
1f5b9707-3ecc-4440-a21e-0535ada95e95,431e116c-dbcf-4927-9100-7e175cdf0342,measurementRun_to_conditionTemplate
1f5b9707-3ecc-4440-a21e-0535ada95e95,0471f9aa-d24d-4598-ac94-02c6dd1c8d1d,measurementRun_to_parameterTemplate
8fa509e9-6b29-4d20-86fd-d865a7c79088,431e116c-dbcf-4927-9100-7e175cdf0342,measurementRun_to_conditionTemplate
8fa509e9-6b29-4d20-86fd-d865a7c79088,0471f9aa-d24d-4598-ac94-02c6dd1c8d1d,measurementRun_to_parameterTemplate
ab1097bb-e6d6-4d46-a201-3c5435f0fc4d,431e116c-dbcf-4927-9100-7e175cdf0342,measurementRun_to_conditionTemplate
ab1097bb-e6d6-4d46-a201-3c5435f0fc4d,0471f9aa-d24d-4598-ac94-02c6dd1c8d1d,measurementRun_to_parameterTemplate
db397399-a82a-41a0-8386-4deb7e7e8750,431e116c-dbcf-4927-9100-7e175cdf0342,measurementRun_to_conditionTemplate
db397399-a82a-41a0-8386-4deb7e7e8750,0471f9aa-d24d-4598-ac94-02c6dd1c8d1d,measurementRun_to_parameterTemplate
1f4feda2-d7be-41e7-b0e6-4b956d22fc92,431e116c-dbcf-4927-9100-7e175cdf0342,measurementRun_to_conditionTemplate
1f4feda2-d7be-41e7-b0e6-4b956d22fc92,0471f9aa-d24d-4598-ac94-02c6dd1c8d1d,measurementRun_to_parameterTemplate
b5cca0d9-0ee5-4e34-93d9-6b3c0f7c0028,431e116c-dbcf-4927-9100-7e175cdf0342,measurementRun_to_conditionTemplate
b5cca0d9-0ee5-4e34-93d9-6b3c0f7c0028,0471f9aa-d24d-4598-ac94-02c6dd1c8d1d,measurementRun_to_parameterTemplate
0a44a1da-fcaa-4ac8-a827-8d6ba9cd070d,431e116c-dbcf-4927-9100-7e175cdf0342,measurementRun_to_conditionTemplate
0a44a1da-fcaa-4ac8-a827-8d6ba9cd070d,0471f9aa-d24d-4598-ac94-02c6dd1c8d1d,measurementRun_to_parameterTemplate
79fcc7d7-5fe8-4e52-81f7-17bf45c25c53,431e116c-dbcf-4927-9100-7e175cdf0342,measurementRun_to_conditionTemplate
79fcc7d7-5fe8-4e52-81f7-17bf45c25c53,0471f9aa-d24d-4598-ac94-02c6dd1c8d1d,measurementRun_to_parameterTemplate
26538c25-2af9-426b-ad8b-2b5d2a0c01c9,431e116c-dbcf-4927-9100-7e175cdf0342,measurementRun_to_conditionTemplate
26538c25-2af9-426b-ad8b-2b5d2a0c01c9,0471f9aa-d24d-4598-ac94-02c6dd1c8d1d,measurementRun_to_parameterTemplate
bcb078b5-e3cd-4a58-8c3b-88d3ed937bc9,431e116c-dbcf-4927-9100-7e175cdf0342,measurementRun_to_conditionTemplate
bcb078b5-e3cd-4a58-8c3b-88d3ed937bc9,0471f9aa-d24d-4598-ac94-02c6dd1c8d1d,measurementRun_to_parameterTemplate
f1981d47-3e3d-4f8b-8266-9cfd5dd68187,431e116c-dbcf-4927-9100-7e175cdf0342,measurementRun_to_conditionTemplate
f1981d47-3e3d-4f8b-8266-9cfd5dd68187,0471f9aa-d24d-4598-ac94-02c6dd1c8d1d,measurementRun_to_parameterTemplate
categorical 28,481fab23-5b5f-444c-abbc-4365b8852527,category_to_materialRun
categorical 5,481fab23-5b5f-444c-abbc-4365b8852527,category_to_materialRun
categorical 28,e5de2faa-eb8a-4dc5-ae07-88ad536ee41f,category_to_materialRun
categorical 5,e5de2faa-eb8a-4dc5-ae07-88ad536ee41f,category_to_materialRun
categorical 28,2c29c60a-bbc7-46e3-8e8d-250f684ddc6c,category_to_materialRun
categorical 5,2c29c60a-bbc7-46e3-8e8d-250f684ddc6c,category_to_materialRun
categorical 28,9e0568f5-6e65-49b3-9d0c-0ffe52e102fa,category_to_materialRun
categorical 5,9e0568f5-6e65-49b3-9d0c-0ffe52e102fa,category_to_materialRun
categorical 28,65a6fb88-9323-4cff-a98d-69fb615fd699,category_to_materialRun
categorical 5,65a6fb88-9323-4cff-a98d-69fb615fd699,category_to_materialRun
categorical 28,6bfe80f4-53dc-41a5-9c97-8d1b2860092a,category_to_materialRun
categorical 5,6bfe80f4-53dc-41a5-9c97-8d1b2860092a,category_to_materialRun
categorical 28,ce8d6453-d0d0-48ab-b3bd-65d7a058278e,category_to_materialRun
categorical 5,ce8d6453-d0d0-48ab-b3bd-65d7a058278e,category_to_materialRun
categorical 28,6f4ad594-21ad-4f21-8fd8-61bd1ae91e7d,category_to_materialRun
categorical 5,6f4ad594-21ad-4f21-8fd8-61bd1ae91e7d,category_to_materialRun
categorical 28,9fe40704-b969-40a4-8f82-98832bce5b02,category_to_materialRun
categorical 5,9fe40704-b969-40a4-8f82-98832bce5b02,category_to_materialRun
categorical 28,ab33e68b-475f-4dc2-b96b-5fc3d373cdd7,category_to_materialRun
categorical 5,ab33e68b-475f-4dc2-b96b-5fc3d373cdd7,category_to_materialRun
